Ep.,구분,이름,메뉴,계절,시/도,군/구,지번,전화번호,비고,Filter
Ep.0 Pilot,맛집,테라로사,커피,,강원,강릉,구정면 어단리 973-1,033-648-2760,너무 유명해짐.,1
Ep.0 Pilot,맛집,전광수 커피하우스 명동점,커피,,서울,중,남산동2가 15-11,02-778-0675,,1
Ep.0 Pilot,음식 인문학,imi,카페,,서울,마포,동교동 201-10,02-6368-5228,"http://hovoo.blog.me/
케익, 오렌지 빙수도 추천.",1
Ep.0 Pilot,맛집,용금옥,추어탕(서울식),,서울,중,다동 165-1,02-777-1689,"서울식, 통 미꾸라지에 사골 또는 곱창이나 내장으로 국물을 내어 고춧가루를 첨가한 형태.
1932년부터 영업.",1
Ep.0 Pilot,맛집,곰보추탕,추어탕(서울식),,서울,동대문,용신동 767-6,02-928-5435,,1
Ep.0 Pilot,맛집,형제추어탕,추어탕(서울식),,서울,종로,평창동 281-1,02-919-4455,,1
Ep.0 Pilot,맛집,대중옥,선지(찰선지),,서울,강남,역삼동 834-4,02-2293-2322,추어탕도 유명함.,1
Ep.0 Pilot,맛집,정동집(남도식당),추어탕(남원식),,서울,중,정동 11-4,02-773-7888,경향 신문사 맞은편,1
Ep.0 Pilot,맛집,새집추어탕,추어탕(남원식),,전북,남원,천거동 160-206,063-625-2443,"전라도(남원)식, 들깨 즙을 사용하여 뻑뻑하고 질박한 느낌.
전국에서 가장 유명한 집.",1
Ep.0 Pilot,맛집,부산집,추어탕(남원식),,전북,남원,천거동 160-163,063-632-7823,그날 그날 주방장 기분에 따라 맛이 미묘하게 달라짐.,1
Ep.0 Pilot,맛집,현식당,추어탕(남원식),,전북,남원,천거동 160-192,063-626-5163,남원 지역에서 후발 주자.,1
Ep.0 Pilot,맛집,원주복추어탕,추어탕(원주식),,강원,원주,개운동 406-13,033-763-7987,"강원도(원주)식, 미꾸라지를 통으로 넣고 고추장 베이스의 국물.",1
Ep.0 Pilot,이 집에 가라,상주식당,추어탕(경상도식),,대구,중,동성로2가 54-1,053-425-5924,"걸신 강추. 외관은 전형적인 경상도식이나 약간 퓨전됨.
자연산 미꾸라지와 노지배추를 사용하기 때문에 12월에서 2월까지 휴업함.
최근 약간 맛이 변한 기분이 든다고 함.",1
Ep.0 Pilot,맛집,의성식당,추어탕(경상도식),,경북,청도,청도읍 고수리 969-20,054-371-2349,경상도식. 붕어 및 잡어가 추가. 배추가 추가 되는 맑은 느낌.,1
Ep.01-1,맛집,긴자,카레(인도커리),,경기,군포,산본동 1136 한솔프라자 401호,031-392-2203,착한 식당으로 선정된 집. 조미료를 사용하지 않음.,1
Ep.01-1,걸신의 레시피,,,,,,,,모든 음식을 시작 할 때 올리브 오일에 마늘을 볶는다. [이종한],0
Ep.01-1,걸신의 레시피,,샤브샤브(삼겹살),,,,,,"다시마를 우려낸 육수. - 가장 중요.
정육점에서 샤브샤브용 또는 대패 삼겹살용으로 썰어온다.
기름에 부쳐 식힌 두부.
질 좋은 어묵.
알 배추 한포기.
표고/느타리 버섯.
마무리에 사용할 우동면.

양념장 :
푼 생계란
한번 끓인인 후 식힌 일본간장(기꼬망 또는 외간장도 가능)
계피가루
꿀 또는 조청 약간
땅콩 버터 (간장 계란과 1:1 비율)",0
Ep.01-1,걸신의 인문학,와인,포도,가을(백로),,,,,"성서에 모세가 포도를 키워 만들었다는 기록이 남아있으며 투탄카멘 왕의 무덤에서도 발견될 만큼 역사가 오래됨.
당분 + 효모 = 알콜 + 이산화탄소
포도의 겉에 뭍어 있는 흰색이 효모이기 때문에 가만히 놔두면 자연히 발효되게 되어있음.
하지만 정상적인 포도주가 되려면 포도의 당도가 22brix가 되어야함.
국내의 일반적인 포도는 16brix정도이기 때문에 추가적인 당분이 필요함.
한 병의 포도를 만들기 위해선 포도 1Kg정도가 필요.
우리나라는 타닌의 떫은맛에 익숙치 않아 호불호가 갈리지만 떫은맛이 와인의 등급을 결정하는 중요한 요소.
타닌은 천연 방부제 역활을 하기 때문에 와인을 장기 보관 할수 있게 함.
타닌의 떫은 맛은 유지방에 의해 완화되기 때문에 유제품과 함께 먹을때 어울림.
중국 요리 또한 기름을 많이 사용하기 때문에 와인의 떫은 맛을 완화시키는 역할을 함.
장기숙성으로 좋아지는 와인은 전체 와인의 1% 가량, 9%가량은 2~3년정도 보관 가능, 나머지는 식초로 산화될뿐이니 될수 있으면 1년안에 먹어 없애는게 좋음.
프리미엄 와인은 생산 단계에서 한정된 수량만을 전문가가 집중 관리하여 생산하기 때문에 비쌈.
마찬가지로 생산량과 품질 관리 수준에 따라 동일한 지역에서 같은 년도에 생산 되더라도 천차만별의 가격대를 형성함.
와인의 종주국은 이탈리아 이지만 상품화/브렌드화를 등안시해 2차대전 이후 프랑스에게 종주국 지위를 뺏김.
유럽산 와인은 기후의 영향으로 연도별로 가격차이가 크지만 호주, 남/북미는 기후 변동이 크지 않아 생산이 크게 증가함.
와인 생산 순위는 1위 프랑스, 2위 이탈리아, 3위 스페인 (재배면적은 스페인 1위), 4위 미국 (과거에는 벌크와인 정도만 생산 했으나 자본과 과학기술을 이용하여 현재에는 수준높은 와인을 생산함.), 5위 아르헨티나 (생산량이 많아 좋은 품질의 와인이 많지만 우리나라에서는 칠레(생산량 10위)에 비해 지명도가 낮아 상대적으로 좋은 품질의 와인을 싼가격에 구할 수 있음. 아르헨티나 와인 3만원대 = 프랑스 와인 10만원대 수준의 품질), 6위 호주, 7위 중국 (위구르 신장지역에서 생산. ), 8 9 10위 남아공 칠레 독일 (독일은 화이트 와인이 유명함. 그 중 리슬링이 대표적.)
프랑스 5만종, 이탈리아 20만종의 와인을 생산하며 동일한 연도에 생산된 같은 레이블의 와인도 맛이 모두 다름 또한 동일한 포도 품종이라도 토질이나 기후에 따라 다른 맛을 내며 포도 품종 또한 200종이 넘기 때문에 블라인드 테스트로 레이블을 알아내는 것은 불가능함.
와인 스피커라는 책을 보면 와인의 맛을 표현하는 말이 3만가지 가량이라고 함 결국 맛의 표현은 마음대로 해도 됨.
질감에 따른 표현을 우유를 예를 들때 저지방 우유/탈지유 = 라이트 바디, 우유 = 무겁지도 가볍지도 않은, 생크림 = 풀 바디.
추천 와인 : 이탈리아 북부 아토와디게 트렌티오 프리올리 화이트 와인.",0
Ep.01-2,맛집,부영각,탕수육,,서울,마포,용강동 494-61,02-716-2413,"허름한 예전 보다 확장 이전 후 맛이 변함.
쟁반 짜장 추천.",1
Ep.01-2,맛집,복성루,짬뽕,,전북,군산,미원동 332,063-445-8412,11시 ~ 16시 영업.,1
Ep.01-2,이 집에 가라,동화반점,팔보완자(빠빠완즈 공룡알),,서울,중,을지로6가 18-95,02-2265-9224,산미와 당도가 높지않은 화이트 와인(리슬링와인)을 차게 해 함께 하면 궁합이 좋음.,1
Ep.02,이 집에 가라,현대옥,해장국(콩나물),,전북,전주,완산구 전동3가 2-242,063-282-7214,"체인이되면서 원주인이 은퇴하고 점포를 넘겨줌. [Athom]
파 풋고추 등의 향신료를 국밥 나가기 전 손질해 주기를 부탁함. [걸신]",1
Ep.02,이 집에 가라,운암식당,해장국(콩나물),,전북,전주,완산구 전동3가 2-242 남부시장 2동 80호,063-286-1021,현대옥 맞은편. 현대옥이 체인이 된 이후 추천 맛집. [Athom],1
Ep.02,이 집에 가라,쌍둥이돼지국밥,국밥(돼지국밥),,부산,남,대연1동 887-1,051-628-7020,항정살 수육 사용.,1
Ep.02,맛집,성미당,비빔밥(전주비빔밥),,전북,전주,완산구 중앙동3가 31,063-287-8800,전주 주민은 이용하지 않음. 그냥 유명함. [Athom],1
Ep.02,맛집,고궁,비빔밥(전주비빔밥),,전북,전주,덕진구 덕진동2가 168-9,063-251-3211,전주 주민은 이용하지 않음. 그냥 유명함. [Athom],1
Ep.02,이 집에 가라,순자씨밥줘,비빔밥,,전북,전주,완산구 전동 295-4,063-282-2168,전주 비빔밥 스타일이 아닌 막비빔밥 스타일.  [Athom],1
Ep.02,이 집에 가라,천황식당,비빔밥(진주비빔밥),,경남,진주,대안동 4-1,055-741-2646,"100년 가량 운영된 집. 간장 base. 콩나물 대신 숙주를 사용. 소박하지만 친숙한 맛.
선지국이 따라나옴.
지역 음식화 되어 굳이 천황식당이 아니어도 인근 식당에서 유사한 맛을 볼 수 있음.",1
Ep.03,걸신의 레시피,,도빙무시(송이탕),가을,,,,,"고급 일식집에서 쓰끼다시로 제공.
주전자에 담겨와 접시에 가까운 아주 앝은 잔에 받아 마심.
송이와 생물 참돔 또는 감성돔을 얇게 썰어 바닥에 깔고 은행을 넣은 후 은근한 불에 우려냄.",0
Ep.03,걸신의 인문학,행복한 만찬,수필,,,,,,공선옥. 전라도 곡성 출신 작가.,0
Ep.03,맛집,마루가메제면,우동(사누키우동),,,,체인,,,0
Ep.03,맛집,겐로쿠우동,우동,,,,체인,,,0
Ep.03,이집에 가라,사누키진우동,"우동(가마우동, 냉우동)",,경기,성남,분당구 서현동 260-4,031-708-5999,,1
Ep.04-1,맛집,만성복집,복국(졸복국),,경남,통영,서호동 177-65,055-645-2140,"졸복국 7천원에서 11천원으로 변경.
아침 해장국으로 좋음.",1
Ep.04-1,맛집,원조시락국,시래기국,,경남,통영,서호동 177-408,055-646-5973,,1
Ep.04-1,맛집,삼오정,냉면(비빔냉면),,부산,부산진,부전2동 257-15,051-806-9540,,1
Ep.04-1,음식 인문학,미소복양평해장국,국밥(선지 해장국),,경기,고양,덕양구 용두동 432-215,02-353-5057,자극적이고 강한 맛.,1
Ep.04-1,음식 인문학,신내서울해장국,국밥(선지 해장국),,경기,양평,개군면 공세리 327-9,031-773-8001,양평 해장국의 원조.,1
Ep.04-1,음식 인문학,반룡산,국밥(가리국밥),,서울,강남,대치동 894-4,02-3446-8966,두부가 들어간 맑고 투명한 느낌. [최소영],1
Ep.04-1,음식 인문학,현대식당,국밥(수구레 국밥),,경남,창녕,창녕읍 1069-2 창녕시장,055-614-3314,"소의 가죽과 근육 사이의 부위로 끓이는 육개장 형태의 국밥.
창녕 장날(38일장)에만 영업 한다고 함.
그 외에는 아래 주소의 본점에서 영업함.",1
Ep.04-1,음식 인문학,현대식당,국밥(수구레 국밥),,대구,달성,현풍면 원교리 12,053-614-3314,,1
Ep.04-1,음식 인문학,대성집,도가니탕,,서울,종로,행촌동 209-35,02-734-4714,,1
Ep.04-1,음식 인문학,청진옥,국밥(선지 해장국),,서울,종로,종로1가 24,02-735-1690,2008년 현재 위치로 이전함.,1
Ep.04-2,맛집,CAFFE Rhea' 0306,빙수(눈꽃빙수),,경기,용인,풍덕천동 1080-9번지 하나로프라자 107호,031-272-6285,"팥이 따로 나오고 리필 가능.
사람이 많기 때문에 칠판에 이름과 인원수를 적어야 함.
오레오빙수는 비추.",1
Ep.04-2,맛집,キムラ屋 (키무라야),베이커리(단팥빵),,"東京都
(도쿄도)","中央区
(추오구)","銀座4-5-7
(긴자 4-5-7)",+81 3-3561-0091,"130년된 빵집. 빵과 팥 앙금이 모두 완벽한 팥빵.
http://www.kimuraya-sohonten.co.jp/",1
Ep.04-2,맛집,retro oven,베이커리(크로와상),,서울,강남,논현동 254-22 대부빌딩 1층,02-544-9045,,1
Ep.04-2,맛집,MonCher(몽슈슈),베이커리(도지마롤),,"大阪府
(오오사카부)","大阪市
(오오사카시)","北区堂島浜2-1-2
(키타구 도지마하마 2-1-2)",+81 6-6136-8003,"홋까이도에서 공수한 생유로 크림을 만듬.
http://www.mon-cher.com/",1
Ep.04-2,맛집,몽슈슈,베이커리(도지마롤),,서울,강남,압구정동 429,02-547-2233,현대백화점 지하,1
Ep.04-2,맛집,원조 할머니두부집,두부,,서울,종로,구기동 85-9,02-379-6276,이전 후 맛이 별로임.,1
Ep.04-2,맛집,토속 칼국수,두부,,서울,종로,신영동 10-15,02-379-1732,할머니 두부 이전 후 추천하는 집이 됨.,1
Ep.04-2,맛집,산울림,두부,,서울,종로,구기동 10-5,02-379-7084,서울시내 두부집 중 최고.,1
Ep.04-2,맛집,기와집순두부,두부,,경기,남양주,조안면 조안리 169-3,031-576-9009,"매우 혼잡함에도 불구하고 품질을 유지하고 있음.
강남 분점 존재.",1
Ep.04-2,맛집,복두부집,두부(두부부침),,경기,파주,탄현면 갈현리 654-12,031-945-8258,"두부 부침을 제대로된 들기름과 두꺼운 돌판에 구워냄.
수도권 내에서 손 꼽히는 맛집.",1
Ep.04-2,맛집,큰터손두부,두부,,강원,횡성,우천면 정금리 495-1,033-342-2667,,1
Ep.04-2,맛집,맛있는집,두부,,충남,청양,대치면 장곡리 215-5,041-943-8007,,1
Ep.04-2,이 집에 가라,주먹손두부,두부,,경기,광주,중부면 불당길 22-38,031-748-8636,,1
Ep.05,걸신의 인문학,,라면,,,,,,"하루 라면을 끓이기 위해 40Kg의 돼지뼈가 필요함.
하루 소모하는 밀가루 대략 두 포대.
육수가 든 들통 대략 200Kg.
따라서 여자는 일 하기 힘듦.
영화 탄뽀뽀에서도 맛없는 라면집 여자 주인을 교육 시킬 때 체력 훈련부터 하는것을 볼 수 있음.
라루미엔이라는 중국 면음식에서 유래.
현재 라면의 원형은 1910년대 중국인 노동자가 많았던 요코하마 항의 라이라이켄이라는 요리사가 만든것으로 유래.
그 당시 난쿄 소바, 지나 소바 또는 중화 소바 등으로 불리움.
초기에는 중국식 납면 방식으로 만든 면을 닭등의 육수에 말아먹었음.
한국에서는 짜장이나 짬뽕이 발달 했듯이 일본에서는 라면으로 발달한 것으로 봄.
일본 역시 라면의 폭발적인 성장은 2차대전 후 인스턴트 라면의 탄생 이후.
1958년 안도 시로후꾸가 면을 튀겨 건조시키는 최초의 라면을 만들어 전후 성장기 일본에서 빨리 한 끼 해결 할수 있도록함.
최초의 인스턴트 라면은 닭육수 베이스의 치킨라면이 선풍적 인기를 얻게 됨.
1963년 삼양라면에서 이 라면을 도입.
우리나라 도입 당시에는 비싼 가격으로 크게 인기를 얻지 못했으나 60년대 말 분식 장려운동으로 한국 입맞에 맞는 개량이 이루어져 70년대 부터 급속도로 산업화가 시작 되며 노동자와 수험생등에 의해 라면의 붐을 일으키게 됨.
72년즈음 삼양에서 일본에서는 71년에 출시한 컵라면을 내 놓았으나 역시 비싼 단가로 인기를 얻지 못하다 80년대에 농심의 사발면에 의해 인기를 얻게 됨.
일본 최초 컵라면에 가까운 시푸드 라면(파란 라벨)이 한국인 입맞에 잘맞고 맛도 좋으나 남대문 도매시장 수입가 5천원 가량으로 수입산은 비추함.
60년대 풍년 라면, 아리랑 라면들 삼양과 경쟁사가 있었으나 모두 사라지고 농심의 전신인 롯데가 후발주자로 뛰어들며 70년대 중반 부터 농심의 반격이 시작됨.
이때 농심의 CF는 우리 나라 CF역사에서 손에 꼽히는 수작으로 평가되며 이후 홍보에 주력하여 80년대에는 삼양의 독주체제가 무너지고 80년대 말 우지 파동으로 치명적인 타격을 입어 이후 농심의 독주체제로 전환됨.",0
Ep.05,맛집,一蘭 博多店 (이치란 하카타점),일본라면,,"福岡県
(후쿠오카현)","福岡市
(후쿠오카시)","博多区博多駅前2-2-1 福岡センタービルB2F
(하카타 구 하카타 역 앞 2-2-1 후쿠오카 센터 빌딩 B2F)",+81 92-473-0810,http://www.ichiran.co.jp/html/q_hakata.html,1
Ep.05,맛집,하카다분코,일본라면(돈코츠),,서울,마포,상수동 93-28,02-338-5536,,1
Ep.05,맛집,유타로,일본라면(쇼유라멘),,경기,성남,분당구 서현동 260-4 덕산빌딩 101,031-708-5999,,1
Ep.05,맛집,산쵸메,일본라면(미소라멘),,서울,마포,동교동 164-32,02-322-0098,,1
Ep.05,걸신의 레시피,,매운탕,,,,,,"싱싱한 생선을 소주로 씻어주면 비린내가 덜하다.
매운탕은 생선을 우려 끓이면 생선 살이 뭉게지므로 서더리로 우려낸 육수로 끓이는게 좋으나 서더리를 따로 준비하기 어렵기 때문에 다시마, 멸치, 조개 등으로 우려낸 육수로 탕을 끓이고 마지막 부분에 생선을 넣어 익혀야 실패하지 않는다.
양념한 무우를 먼저 볶고 거기에 육수를 부어 끓이면 보다 시원한 맛을 있고 마지막에 미나리를 넣어 향을 더한다.
경우에 따라 말린 표고버섯을 하루가량 불린 물로 육수를 끓이면 좋다.
매운 양념을 만들때 소주나 정종을 조금 넣으면 좋다.
끌이는동안 거품을 최대한 걷어내고 국물이 무와 함께 거의 익었을 때 생선을 넣어 모양을 잘 살리도록 한다.
대구와 같이 살이 매우 무른 생선은 뜨거운 국물을 끼얹어가며 익혀 마지막으로 국에 넣어야 형태를 유지할 수 있다.
민물생선의 경우 흙맛을 죽이기 위해 양념을 더 진하게 사용해야 하고 보리새우와 호박을 넣으면 매우 잘 어울리고 거의 다 먹었을 때 수제비를 넣어 먹으면 좋다.",1
Ep.05,맛집,어부집,메기탕/장어구이/장어탕,,경기,파주,파평면 율곡리 83-29,031-953-0787,,1
Ep.05,맛집,양평민물고기매운탕,메기탕,,서울,용산,청파동1가 149-3,02-712-6657,,1
Ep.05,이 집에 가라,메기1번지,메기탕,,경기,고양,일산서구 법곳동 256-44,031-918-3838,연세 있는 연예인들을 볼 수 있는 집.,1
Ep.05,이 집에 가라,초야식당,메기찜,,전남,장성,장성읍 상오리 688,061-393-0734,"전라남도에서도 유서깊은 집.
제 1회 남도 음식문화 경진대회에서 대상을 수상함.
함께 나오는 밑반찬 하나하나가 모두 뛰어남.
집 주인의 입담 역시 수준급임.
자연산 장어도 취급.
최근 메뉴판에서 사라졌으나 주문하면 나온다고 함. [압정]",1
Ep.06,맛집,전통식당,한정식,,전남,담양,고서면 고읍리 688-1,061-382-3111,,1
Ep.06,맛집,합,떡,,서울,강남,청담동 93-3,070-4209-081,2호점도 있음,1
Ep.06,맛집,소운빙,빙수(딸기빙수),,서울,서초,반포동 978,02-3471-2221,"이전 스노우볼에서 소운빙으로 개명함.
이촌점, 방배점 있음.
홍대, 가로수길, 교대, 이수, 건대 등이 추가됨.",1
Ep.06,맛집,이강순실비집(실비집),낙지볶음,,서울,종로,관철동 11-11,02-756-4107,,1
Ep.06,맛집,두암짚불구이,짚불돼지고기,,전남,무안,몽탄면 사창리 697-2,061-452-3775,,1
Ep.06,맛집,수한횟집,회(봄숭어),,전남,무안,해제면 송석리 5,061-454-7645,,1
Ep.06,맛집,프로젝트D,빙수(수박빙수),,경기,용인,기흥구 보정동 1189-6,031-898-0878,,1
Ep.06,이 집에 가라,독천식당,갈낙탕,,전남,영암,학산면 독천리 184-12,061-472-4222,,1
Ep.06,이 집에 가라,무안식당,육사시미,,전남,무안,무안읍 성내리 187-1,061-453-1919,,1
Ep.06,이 집에 가라,제일회식당,낙지,,전남,무안,망운면 목서리 174,070-8837-1139,,1
Ep.07,맛집,오봉막국수,청국장,,강원,홍천,두촌면 자은리 726-1,033-435-2762,너클볼러 추천,1
Ep.07,맛집,백촌막국수,막국수,,강원,고성,토성면 백촌리 162,033-632-5422,100%메밀+동치미,1
Ep.07,맛집,영광정메밀국수,막국수,,강원,양양,강현면 사교리 62,033-673-5254,"3가지 종류.
일반, 순면, 껍질 포함된 순면.
동치미 육수.",1
Ep.07,맛집,송월메밀국수,막국수,,강원,양양,손양면 송전리 89-2,033-672-3696,,1
Ep.07,맛집,서호막국수,막국수,,강원,인제,인제읍 가아리 58,033-461-2078,10시 영업 시작.,1
Ep.07,맛집,남북면옥,"막국수, 수육",,강원,인제,인제읍 인제읍 상동리 265-1,033-461-2219,"며느리 삼대, 100%메밀.
시골느낌의 돼지고기 수육.
11시 영업 시작.",1
Ep.07,맛집,천서리 막국수,막국수,,경기,여주,대신면 천서리 603-3,031-883-9799,고기 육수를 사용.,1
Ep.07,맛집,송원막국수,막국수,,경기,가평,가평읍 읍내리 363-1,031-582-1408,최근 너무 유명해져 예전에 비해 맛이 떨어진 느낌.,1
Ep.07,이 집에 가라,샘밭막국수,막국수,,강원,춘천,신북읍 천전리 118-23,033-242-1702,"고기 육수와 동치미를 섞어 사용.
양념이나 간이 강하지 않음.
예전의 맛을 잘 유지하고 있음.
춘천 막국수 특유의 중용의 미가 좋음.
외곽 국도변에 있어 외갓집에 놀러온 듯한 정취가 있음.",1
Ep.07,맛집,실비막국수,막국수,,강원,춘천,소양로2가 127-2,033-254-2472,,1
Ep.07,맛집,남부막국수,막국수,,강원,춘천,효자동 679-27,033-254-7859,방송에는 서울점이 소개됐으나 현재는 폐업한것으로 보임.,0
Ep.07,맛집,산골면옥춘천막국수,막국수,,서울,중,을지로4가 61,02-2266-5409,예전부터 찾는 어르신들이 손님의 주를 이뤄 조금 부담스러운 분위기.,1
Ep.08,맛집,하동관(명동점),곰탕,,서울,중,명동1가 10-4,02-776-5656,"예전 을지로점에서 분리.
초반에는 맛이 변했으나 현재에는 안정을 찾음.",1
Ep.08,맛집,하동관(삼성점),곰탕,,서울,강남,대치동 891-44,02-565-0003,"예전 을지로점에서 분리.
예전 을지로점 맛에 더 가까움.",1
Ep.08,맛집,하얀집,곰탕,,전남,나주,중앙동 48-17,061-333-4292,"독보적인 맑은 국물을 자랑.
토렴된 밥과 국물의 조화가 좋음.
전라도 스타일의 김치가 강함.",1
Ep.08,맛집,노안집,곰탕,,전남,나주,금계동 23-5,061-333-2053,,1
Ep.08,맛집,탯자리나주곰탕,곰탕,,전남,나주,과원동 121-4,061-332-3377,,1
Ep.08,맛집,황순옥 나주곰집,곰탕,,광주,서,치평동 1243,062-374-8088,"하얀집 주방을 담당 하시던 할머니가 가계를 냄.
하얀집 옆에 잠시 있었으나 광주로 다시 이전함.
옟날 하얀집 맛.",1
Ep.08,이 집에 가라,애성회관,곰탕,,서울,중,북창동 93-57,02-352-0303,"곰탕의 원류에 가까운 간 방식인 간장 간을 사용함.
내장을 사용하지 않고 양지만으로 국물을 우려냄.
육수를 우려낸 양지가 수육 수준의 맛이 남.
기본 7000원 특 9000원.",1
Ep.09,이 집에 가라,우래옥,냉면,,서울,중,주교동 118-1,02-2265-0151,"순면, 고기육수
순면이 사라져 비추하는 집이 됨.(41회)",1
Ep.09,이 집에 가라,평양면옥(의정부),"냉면, 만두, 만두국",,경기,의정부,의정부동 385,031-877-2282,,1
Ep.09,맛집,필동면옥,냉면,,서울,중,필동3가 1-5,02-2266-2611,,1
Ep.09,맛집,을지면옥,"냉면, 돼지고기편육",,서울,중,입정동 177-1,02-2266-7052,,1
Ep.09,맛집,평양면옥(장충동),냉면,,서울,중,장충동1가 26-14,02-2667-7784,본점. 의외로 가장 맛이 떨어짐.,1
Ep.09,맛집,평양면옥(분당),냉면,,경기,성남,분당구 서현동 194-2,031-701-7752,,1
Ep.09,맛집,평양면옥(논현),냉면,,서울,강남,논현동 66-2,02-549-5378,,1
Ep.09,맛집,옹진냉면,냉면,,인천,남,주안2동 509-13,032-875-0410,해주식,1
Ep.09,맛집,옥천냉면,냉면,,경기,양평,옥천면 옥천리 760,031-772-9693,,1
Ep.09,이 집에 가라,한마음면옥,냉면,,대전,서,도마2동 101-6,042-536-0408,"사리원 면옥 주방장 출신.
사태+동치미.
간장맛이 특이함.
가장 추천.",1
Ep.09,이 집에 가라,원미면옥,냉면,,대전,동,비룡동 557,042-286-7883,가을에서 초봄 추울때는 짬뽕과 우동을 판매.,1
Ep.09,맛집,숯골원냉면,냉면,,대전,유성,신성동 136-2,042-861-3287,닭+동치미육수,1
Ep.09,맛집,사리원면옥,냉면,,대전,중,대흥동 188-5,042-256-6506,소고기,1
Ep.09,이 집에 가라,진수메밀냉면,냉면,,대전,중,산성동 279-3,042-586-7892,닭+소고기+동치미육수,1
Ep.09,맛집,봉피양,냉면,,서울,송파,방이동 205-8,02-415-5527,,1
Ep.09,맛집,강서면옥,냉면,,서울,중,서소문동 120-15,02-752-1945,,1
Ep.09,맛집,서부냉면,냉면,,경북,영주,풍기읍 서부리 133-5,054-636-2457,,1
Ep.09,맛집,고박사냉면집,냉면,,경기,평택,평택동 64-2,031-652-1199,고기육수,1
Ep.10,이 집에 가라,제일식당,"순대국, 순대",,경기,용인,처인구 백암면 백암리 449-2,031-332-4608,,1
Ep.10,맛집,박순자아우네순대,순대국,,충남,천안,동남구 병천면 병천리 173-6,041-564-1242,,1
Ep.10,맛집,충남집,순대국,,충남,천안,동남구 병천면 병천리 168-16,041-564-1079,,1
Ep.10,맛집,제일순대식당,순대국,,전북,진안,진안읍 군상리 402-18,063-433-2246,,1
Ep.10,맛집,이화순대,순대국,,인천,중,도원동 67-3,032-882-3039,순대는 별로,1
Ep.10,이 집에 가라,고궁식당,순대국,,경북,칠곡,왜관읍 삼청리 590-1,054-974-0055,"점포 이전을 하며 제공하는 메뉴가 많아짐.
2대가 물려 받음 평가는 보류. (소대가리님 지니즈님 제보)",1
Ep.10,맛집,온천골아바이순대,순대국,,경북,칠곡,석적읍 도개리 78-5,054-975-5662,도개온천상가로 이전 소식이 있음.,1
Ep.10,맛집,경북집,"동그랑땡, 순대",,서울,종로,관수동 4-3,02-2275-8177,평안도 방식 순대,1
Ep.11,맛집,교동반점(교동짬뽕),짬뽕(매운짬뽕),,강원,강릉,교동 162-126,033-646-3833,10시 오픈. 최대한 빨리 가야 먹을 수 있음.,1
Ep.11,맛집,복성루,짬뽕,,전북,군산,미원동 332,063-445-8412,"1-2회에 소개됨.
일요일 휴무.",1
Ep.11,이 집에 가라,지린성,짬뽕,,전북,군산,미원동 87,063-467-2905,,1
Ep.11,맛집,쌍용반점,짬뽕,,전북,군산,금동 1-69,063-445-2633,,1
Ep.11,이 집에 가라,동해원,짬뽕,,충남,공주,소학동 194-1,041-852-3624,재개발로 이전 주소에서 이전함.,1
Ep.11,맛집,단골식당,짬뽕,,충북,충주,주덕읍 신양리 266-8,043-846-4175,,1
Ep.11,맛집,진흥반점,짬뽕,,대구,남,이천동 311-28,053-474-1738,친근한 맛,1
Ep.11,이 집에 가라,천지궁(서초점),짬뽕(굴짬뽕),,서울,서초,서초동 1589-8,02-585-8116,,1
Ep.11,맛집,매화,짬뽕(굴짬뽕),,서울,마포,연남동 227-23,02-332-0078,,1
Ep.11,맛집,신동양,짬뽕(흰매운짬뽕),,전북,익산,갈산동 129-2,063-855-3100,,1
Ep.11,맛집,경발원,짬뽕(흰매운짬뽕),,서울,동대문,휘경동 261-1,02-2244-2616,,1
Ep.11,맛집,용인죽전 교동짬뽕,짬뽕,,경기,용인,수지구 죽전동 1190-5,031-898-3323,용인 죽전점을 강조. (41회),1
Ep.12,맛집,미성당납작만두,만두(납작만두),,대구,중,남산4동 104-13,053-255-0742,,1
Ep.12,맛집,18번완당집,만두(완당),,부산,중,남포동3가 1,051-245-0018,서구 부용동1가 69-1에서 주방장이 독립함. [맹렬우주한량],1
Ep.12,맛집,사해방,"만두(물만두, 군만두)",,부산,동,초량2동 553-3,051-463-9883,,1
Ep.12,맛집,홍성방,"만두(물만두, 군만두)",,부산,동,초량1동 571,051-467-5398,,1
Ep.12,맛집,보영만두,만두,,경기,수원,장안구 팔달로 271,031-255-1085,"쫄면, 만두, 쿨피스.
쫄면과 만두를 섞어먹는것이 특징.
쫄면은 본점 만두는 영통점이 더 나음.",1
Ep.12,맛집,서문우동,"빵, 우동",,충북,청주,상당구 서문동 166-3,043-256-3334,2째 4째 주 일요일 휴무.,1
Ep.12,맛집,노독일처,만두(소룡포),,서울,서초,잠원동 15-10,02-517-4552,,1
Ep.12,맛집,원보,만두,,인천,중,북성동2가 10-13,032-773-7888,,1
Ep.12,맛집,십리향,만두(화덕만두),,인천,중,북성동2가 10-26,032-762-5888,,1
Ep.12,맛집,파오파오,만두,,서울,송파,잠실동 205-16,02-412-9198,,1
Ep.12,맛집,자하손만두,"만두국, 편수",,서울,종로,부암동 245-2,02-394-4488,,1
Ep.12,맛집,홍복,만두,,서울,마포,연남동 224-41,02-323-1698,,1
Ep.12,맛집,평래옥,만두(꿩),,서울,중,저동2가 18-1,02-2267-5892,,1
Ep.12,맛집,은주정,김치찌개,,서울,중,주교동 43-23,02-2265-4669,,1
Ep.12,맛집,성북동집,만두,,서울,성북,성북동 237-1,02-747-6234,,1
Ep.12,맛집,개성집,만두,,서울,동대문,용두동 201-2,02-923-6779,,1
Ep.12,맛집,갯마을,만두국,,서울,용산,이촌동 300-23,02-798-5655,,1
Ep.12,맛집,쟈니덤플링,만두,,서울,용산,이태원1동 3,02-790-8830,,1
Ep.12,맛집,딘타이펑(명동점),만두(소룡포),,서울,중,명동1가 59-1,02-771-2778,,1
Ep.12,이 집에 가라,만두집,만두,,충북,청주,상당구 서문동 162-6,043-223-9990,근래 들어 맛이 떨어짐. (36회),1
Ep.12,이 집에 가라,산하,만두국,,서울,영등포,여의도동 44-14,02-782-1420,,1
Ep.12,이 집에 가라,수정궁,"만두, 닭날개튀김",,서울,도봉,방학동 669-3,02-3491-0440,,1
Ep.13,이 집에 가라,옥천식육식당,김치찌개,,경북,경주,양월리 1137-11,054-761-2154,,1
Ep.13,맛집,모모스,카페(커피),,부산,금정,부곡동 873-98,051-512-7034,,1
Ep.13,맛집,광화문집,김치찌개,,서울,종로,당주동 43,02-739-7737,,1
Ep.13,맛집,나무사이로,카페(커피),,서울,종로,내자동 196,070-7590-0845,,1
Ep.13,맛집,굴다리식당,김치찌개,,서울,마포,도화동 182-10,02-706-0323,,1
Ep.13,맛집,커피리브레,카페(커피),,서울,마포,연남동 227-15,02-334-0615,,1
Ep.13,맛집,장호왕곱창,김치찌개,,서울,중,순화동 6-16,02-756-5070,,1
Ep.14,맛집,용산회식당,횟밥,,경북,경주,내남면 이조리 610-3,054-748-2119,,1
Ep.14,맛집,최네집,부대찌개,,경기,평택,서정동 779-3,031-664-8922,,1
Ep.14,맛집,김네집,부대찌개,,경기,평택,신장동 322-38,031-666-3648,,1
Ep.14,맛집,금성스테이크/부대찌개,부대찌개,,서울,강남,신사동 660-13,02-547-4872,,1
Ep.14,맛집,숙자네,부대전골,,서울,서초,서초동 1451-2,02-585-5659,,1
Ep.14,맛집,송백부대찌개,부대찌개,,서울,종로,도렴동 60 도렴빌딩 지하1층,02-738-1386,,1
Ep.14,맛집,오뎅식당,부대찌개,,경기,의정부,의정부1동 220-58,031-842-0423,,1
Ep.14,맛집,고암식당,부대찌개,,서울,용산,이태원동 123-2,02-796-1813,,1
Ep.14,맛집,바다식당,부대찌개(존슨탕),,서울,용산,한남동 743-7,02-795-1317,,1
Ep.14,이 집에 가라,삼거리식당,부대찌개,,경기,파주,문산읍 선유리 950-19,031-952-3432,,1
Ep.14,이 집에 가라,정미식당,부대찌개,,경기,파주,문산읍 901-9,031-952-1892,,1
Ep.14,이 집에 가라,충북식당,부대찌개,,경기,파주,문산리 10-42,031-952-3612,,1
Ep.15,맛집,정인면옥평양냉면,냉면,,경기,광명,광명2동 91-10,02-2683-2612,"조장훈.
본점 주인이 점포를 물려주고 여의도로 이사함.",1
Ep.15,맛집,정인면옥평양냉면,냉면,,서울,영등포,여의도동 13-1,02-2683-2615,"조장훈.
본점 주인이 점포를 물려주고 여의도로 이사함.",1
Ep.15,맛집,평양냉면(평양면옥),냉면,,서울,구로,오류1동 13-55,02-2614-2263,조장훈. 배달가능.,1
Ep.15,이 집에 가라,다시식당,소바,,경남,의령,의령읍 서동리 491-7,055-573-2514,인근의 망개떡 추천.,1
Ep.15,맛집,할매팥빙수단팥죽,팥죽,,부산,남,용호동 148-2,051-623-9946,"여름 팥빙수, 겨울 단팥죽 판매.
가격이 저렴함. (2000~3000원)",1
Ep.15,맛집,베테랑분식,쫄면/칼국수,,전북,전주,완산구 교동 85-1,063-285-9898,"분식집 유일 전용 주차장 보유.
음식은 크게 기대하지 말것.",1
Ep.15,맛집,성미당,비빔밥,,전북,전주,완산구 중앙동3가 31-2,063-284-6595,,1
Ep.15,맛집,서울소바,소바,,전북,전주,완산구 중앙동1가 17-1,063-284-3879,12월에서 2월까지 휴점.,1
Ep.15,맛집,한양소바,소바,,전북,전주,완산구 고사동 286-22,063-251-1377,조장훈. 시레기국로 추천.,1
Ep.15,맛집,엄마손칼국수,칼국수(팥칼국수),,전남,구례,구례읍 봉동리 211,061-782-8484,"이종한.
이전 위치에서 이전함. 장날에만 영업(3/8일 장) [맹렬우주한량]",1
Ep.15,맛집,생각보다맛있는집,팥죽,,서울,관악,중앙동 32-2,02-877-7818,조장훈. 국산 재료만 고집.,1
Ep.15,맛집,전호 메밀우동,소바,,서울,관악,봉천동 1664-14,02-885-6693,면빨은 훌륭한 2:8 소바. 육수는 조금 달지만 서울에서 경쟁 상대를 찾아보기 어려움.,1
Ep.15,맛집,멧돌소바(재오픈예정),소바,,서울,강남,압구정로28길 22-11,02-540-4578,육수보다는 가장 일본적인 스타일의 면이 좋음.,1
Ep.15,맛집,서울서둘째로잘하는집,팥죽,,서울,종로,삼청동 28-21,02-734-5302,,1
Ep.15,맛집,신당동천팥죽,팥죽,,서울,중,신당동 120-26,02-2237-6385,,1
Ep.15,맛집,동빙고,팥죽,,서울,용산,이촌동 301-162,02-794-7171,,1
Ep.15,이 집에 가라,진미집,소바,,전북,전주,완산구 전동 237,063-288-4020,"새알 팥죽, 팥 칼국수도 추천.",1
Ep.15,이 집에 가라,겐돈소바,소바,,전북,전주,덕진구 인후동1가 850-1,063-246-2585,,1
Ep.15,음식 인문학,환공어묵,어묵,,부산,중,부평동2가 14-2,051-245-2969,"http://www.환공어묵.kr/
날이 갈수록 품질이 떨어져 추천 리스트 탈락이 고려됨.(41회)",1
Ep.15,음식 인문학,해참미도어묵,어묵,,부산,중,부평동2가 14-5,051-245-2968,"택배 가능.
http://www.미도어묵.com/ (홈페이지 리뉴얼중)
날이 갈수록 품질이 떨어져 추천 리스트 탈락 위기에 있음.(41회)",1
Ep.15,음식 인문학,,어묵간장,,,,,,간장과 소주 또는 맛술과 1:1비율로 희석하여 끓인 후 청양고추나 땡초를 잘게 썰어 넣어 찍어먹는다.,0
Ep.15,음식 인문학,,퐁듀,,,,,,"1. 치즈퐁듀 : 그뤼에르 치즈 또는 에메탈 치즈에 싼 화이트 와인(드라이한것으로)을 넣어 끓인다.
2. 오일퐁듀 : 올리브 오일을 끓인 후 깍뚜기 모양으로 자른 소고기나 새우, 감자등을 꼬치로 꿰어 올리브 오일에 익혀 먹는다.
3. 디저트 퐁듀 : 남대문 시장 판 초콜렛 구입하여 머쉬멜로우 등 온갓것을 찍어 먹는다.",0
Ep.15,음식 인문학,,비어치킨,,,,,,"조장훈.
일반 비어치킨 제조법과 동일.
캠핑을 가는 경우 1회용 바베큐 그릴인 ""이지큐(쇼핑몰 판매)""라는 제품으로 간편하게 사용할수 있다고 함.",0
Ep.15,,시대정신,다큐멘터리,,,,,,"천문학과 기독교의 상관관계.
미국 연방 준비 제도 이사회.
911 테러 음모 이론.",0
Ep.16,맛집,충남집,국밥(쑥),,전북,정읍,수성동 701,063-531-8482,,
Ep.16,맛집,만남의 식당,곰치해장국,,강원,삼척,정하동 41-75,033-574-1645,,1
Ep.16,맛집,국일따로국밥,육개장,,대구,중,전동 7-1,053-253-7623,,1
Ep.16,맛집,원조미풍해장국,해장국,,제주,제주,삼도2동 143-2,064-758-7522,,1
Ep.16,맛집,제일식당,"해장국, 육회비빔밥",,경남,진주,대안동 8-291,055-741-5591,해장국은 아침에만 판매한다고 함.,1
Ep.16,맛집,부평옥해장국,해장국,,인천,동,송림동 252-16,032-762-2500,,1
Ep.16,맛집,청진옥,해장국,,서울,종로,종로1가 24,02-735-1690,,1
Ep.16,맛집,역전회관,"불고기(바싹불고기), 선지술국",,서울,마포,염리동 173-21,02-793-2019,,1
Ep.16,맛집,황해도원조빈대떡,빈대떡,,서울,종로,예지동 6-1 광장시장 내,011-9166-0661,,1
Ep.16,맛집,부부청대문,해장국,,서울,중,광희동2가 298-2,02-2273-6772,,1
Ep.16,맛집,용문해장국,해장국,,서울,용산,용문동 8-95,02-712-6290,,1
Ep.16,맛집,장터국밥,해장국(선지국수),,울산,울주,온양읍 남창리 147-2,052-238-3470,"후추가 가미됨. 국밥과는 묘하게 다른 맛.
선지국수 추천.",1
Ep.16,이 집에 가라,옥야식당,국밥(선지국밥),,경북,안동,옥야동 307,054-853-6953,,1
Ep.17,맛집,주방장이 고릴라,여러 요리,,서울,서초,방배동 766-34,070-4137-5554,,1
Ep.17,맛집,나나하치,회,,서울,서대문,연희동 81-18,02-338-4676,,1
Ep.17,기타,형제상회,"스카치, 위스키",,서울,중,남창동49,,"지하에 있음. 스카치 - 하일랜드 위스키 '더 글랜 리벳 12년' (우아하고 격조있는) 7~8만원선, '글랜 오린지 10년' [가장 훌륭한 보르도 와인의 과실향, 아로마향이 강하다, 5~6만원선, '라프로익12년', '보모'",1
Ep.18,이 집에 가라,킨쇼,스시,,서울,송파,방이동 190-15,02-420-8182,,1
Ep.18,맛집,김뿌라,스시,,서울,마포,연남동 369-15,02-333-2508,,1
Ep.18,맛집,박용석스시,스시,,서울,마포,서교동 465-1,02-325-0151,,1
Ep.18,맛집,로지스시,스시,,서울,동대문,이문동 237-101,02-957-4004,,1
Ep.18,이 집에 가라,오가와,스시,,서울,종로,당주동 5,02-735-1001,,1
Ep.18,맛집,고래명가,고래고기,,울산,남,장생포동 87-12,052-269-2361,고래요리 모듬,1
Ep.18,맛집,스키야바시 지로(すきやばし次郎),스시,,도쿄,츄오,긴자 4-2-15,81-3-3535-3600,9개월전에 예약해야함. 18점에 3만엔정도. 영화에도 나옴. '새끼전어스시' 최고. 미슐랭 별3개,1
Ep.18,맛집,후쿠스시(福寿司),스시,,후쿠오카,츄오,기요카와 2-9-3,81-92-531-3159,특상(10EA) 3300엔,1
Ep.19,이 집에 가라,부성수산,과메기,,경북,영덕,창포리 685-1,054-732-8798,,1
Ep.20,맛집,폴바셋(두산타워 쇼핑동점),아이스크림,,서울,중,을지로6가 18-12 두산타워 쇼핑동 1층 101호,02-3398-4747,"산양우유아이스크림, '상하목장'의 아이스크림과 같은 재료",1
Ep.20,맛집,소프트리(신사점),아이스크림,,서울,강남,신사동 551-3 102호,02-541-0301,"벌집토핑, 게랑드소금토핑",1
Ep.20,맛집,고디바,아이스크림,,서울,강남,신사동 545-6,02-517-3979,"초코렛아이스크림, 강남점, 가로수길점, 현대백화점
http://www.godiva.kr/",1
Ep.20,맛집,펠앤콜(홍대 본점),아이스크림(수제젤라또),,서울,마포,상수동 310-11,070-4411-1434,"여러가지(베이컨 등), 홍대점, 압구정갤러리아점",1
Ep.20,맛집,몰리스팝스,아이스크림(수제 하드),,서울,마포,서교동 332-20,070-4300-3045,와사비맛,1
Ep.20,맛집,에쎄레,아이스크림(젤라또),,경기,성남,분당구 삼평동 740번지 판교 호반 써밋 플레이스 212호,031-702-3094,,1
Ep.20,이 집에 가라,금수복국 해운대점,복국(밀복국),겨울,부산,해운대,중동1로43번길 23,051-742-3600,"24시간, 겨울 밀복국(저렴하고 훌륭함)",1
Ep.20,맛집,삼대복국,복국,,부산,중,중동 1394-69,051-465-7210,,1
Ep.20,맛집,매일복국,복국,,부산,해운대,중동 1373-31,051-742-9591,걸신은 실망함,1
Ep.20,이 집에 가라,청해진,활참복국,,서울,영등포,여의도동 13-19,02-783-3111,"활참복지리 5만원정도, 장소 확인 필요",1
Ep.20,이 집에 가라,만성복집,졸복국,,경남,통영,서호동 177-65,055-645-2140,4회에 소개됨.,1
Ep.21,맛집,연희정,국수(안동국시),,경북,안동,안동,,,1
Ep.21,맛집,옥야식당,국밥(소고기),,경북,안동,옥야동 307,054-853-6953,16회에 소개됨.,1
Ep.21,맛집,버버리찰떡,떡,,경북,안동,옥야동 339-3,054-843-0106,,1
Ep.21,맛집,맘모스제과,빵,,경북,안동,남부동 164-1,054-857-6000,"유자파운드, 크림치즈빵, 호두슈크림빵",1
Ep.22,이 집에 가라,신식당,떡갈비,,전남,담양,담양읍 담주리 68-1,061-382-9901,"100년 전통, 소고기중심",1
Ep.22,맛집,민속식당,"죽순요리, 죽순정식",,전남,담양,담양읍 객사리 252-1,061-381-2515,"신식당 인근 죽순관련 요리 전문.
신식당의 메뉴가 부실하여 떡갈비만 포장 후 이곳에서 다른 메뉴와 함께 먹으면 좋음.",1
Ep.22,맛집,송월관,떡갈비,,경기,동두천,생연2동 683-24,031-863-2292,한국판 함박스테이크,1
Ep.22,이 집에 가라,송정떡갈비 1호점,떡갈비,,광주,광산,송정동 826-3,062-944-1439,,1
Ep.22,맛집,천일식당,떡갈비정식,,전남,해남,해남읍 읍내리 34-1,061-535-1001,전통이 끊어짐,1
Ep.22,맛집,뚝방국수,국수(비빔),,전남,담양,담양읍 천변리 159-1,061-382-5630,댓잎으로 삶은 계란을 꼭 먹을 것.,1
Ep.22,이 집에 가라,구슬함박스테이크,"스테이크(함박스테이크), 스테이크 비빔밥",,서울,마포,상수동 316-12,02-323-6771,,1
Ep.22,맛집,스모키살룬,햄버거,,서울,용산,이태원동 123-5,02-795-9019,함박스테이크도 함. 분점도 있음.,1
Ep.23,맛집,소호정,국수(안동국시),,서울,서초,양재동 392-11,02-579-7282,,1
Ep.23,맛집,공주분식,칼국수(얼큰한칼국수),,대전,중,문창동 37-4,042-582-8284,,1
Ep.23,이 집에 가라,국시집,칼국수,,서울,성북,성북동1가 9번지,02-762-1924,서울식 칼국수,1
Ep.23,이 집에 가라,할매칼국수(명덕할매칼국수),"칼국수, 냉칼국수",,대구,남,대명동 1805-5,053-651-7969,,1
Ep.23,이 집에 가라,옥동손국수,칼국수,,경북,안동,옥동 770-8,054-855-2308,,1
Ep.23,맛집,26호까치할머니손칼국수,칼국수(바지락칼국수),,경기,안산,단원구 대부북동 1161-15,032-884-0770,,1
Ep.23,맛집,일산칼국수,칼국수(닭칼국수),,경기,고양,일산동구 정발산동 1271-3,031-903-2208,,1
Ep.23,맛집,문배동 육칼,칼국수,,서울,용산,문배동 34-1,02-713-6204,오후 5시에 닫음.,1
Ep.23,맛집,카카오봄,수제초코렛,,서울,마포,서교동 337-16,02-3141-4663,"초콜레티에 고영주, 삼청동 분점도 있음.",1
Ep.23,맛집,타르틴,"카페, 핫초코(초코렛블럭)",,서울,용산,이태원동 119-15,02-3785-3400,,1
Ep.23,맛집,대선식당,칼국수,,대전,서구,둔산동 1440,042-471-0316,,1
Ep.24,맛집,이문설렁탕,설렁탕,,서울,종로,견지동 88,02-733-6526,,1
Ep.24,맛집,서울깍두기,설렁탕,,부산,중,남포동2가 11,051-245-3950,부산에서 가장 유명함.,1
Ep.24,맛집,봉희설렁탕,설렁탕,,서울,은평,신사동 35-20,02-302-9754,체인점. 본점도 예전 맛이 아님.,1
Ep.24,맛집,삼미옥,설렁탕,,서울,관악,행운동 852-6,02-882-6274,,1
Ep.24,맛집,영동설렁탕,설렁탕,,서울,서초,잠원동 10-53 2층,02-543-4716,,1
Ep.24,맛집,문화옥,설렁탕,,서울,중,주교동 118-3,02-2265-0322,"우설, 마나 등을 고명으로 얹을수 있음",1
Ep.24,맛집,미성옥,설렁탕,,서울,중,명동1가 54-5,02-776-1795,맑은 설렁탕,1
Ep.24,맛집,여의도 양지탕,설렁탕,,서울,영등포,여의도동 14-2,02-784-4741,비쌈,1
Ep.24,맛집,마포,설렁탕,,서울,마포,,,너무 많이 검색됨,0
Ep.24,맛집,군포식당,"설렁탕(양지설렁탕), 제육보쌈",,경기,군포,당동 748-22,031-452-0025,,1
Ep.24,맛집,잼배옥,설렁탕,,서울,중,서소문동 148-1 2층,02-755-8106,,1
Ep.24,맛집,안일옥,우탕,,경기,안성,영동 25-1,031-675-2486,소한마리가 들어간 설렁탕,1
Ep.24,이 집에 가라,이남장,설렁탕,,서울,중,을지로2가 101-32,02-2267-4081,진한 설렁탕,1
Ep.24,맛집,신선설롱탕,설렁탕,,경기,부천,원미구 중3동 1086 신선빌딩,032-327-2747,스지를 사용,1
Ep.24,맛집,한밭식당,설렁탕,,대전,동,중동 60-1,042-256-1565,,1
Ep.24,맛집,전주장작불곰탕,설렁탕,,경기,남양주,지금동 43-1,031-554-8588,,1
Ep.24,맛집,외고집설렁탕,설렁탕,,서울,강남,대치동 923-22 지하1층,02-567-5225,,1
Ep.25,맛집,이연국수,국수,,전북,전주,덕진구 인후동2가 1529-19,063-242-0036,"구 이조국수.
충북 증평의 제면소에서 면을 특별 주문하여 사용.
정치인 출입금지.",1
Ep.25,맛집,가야밀면,밀면,,부산,부산진,가야2동 191-5,051-891-2483,,1
Ep.25,맛집,내호냉면,밀면,,부산,남,우암동 189,051-646-6195,평양냉면 느낌. 1919년 개점. 밀면의 원조.,1
Ep.25,이 집에 가라,분소식당,도다리쑥국,,경남,통영,서호동 177-337,055-644-0495,,1
Ep.25,맛집,산호,도다리쑥국,,서울,서초,서초동 1552-1,02-523-3534,,1
Ep.25,맛집,충무집,도다리쑥국,,서울,중,다동 140 지하1층,02-776-4088,,1
Ep.25,맛집,눈의꽃,빙수(바가지빙수),,서울,광진,구의동 546-4 테크노마트 지하 푸드코트,,UMC추천,1
Ep.25,맛집,이상재 본가밀면 남천점,밀면,,부산,수영,남천2동 7-7,051-628-7577,UMC추천,1
Ep.25,맛집,할매팥빙수,팥빙수,,부산,남,용호동 148-2,051-623-9946,"15회에 소개됨.
여름 팥빙수, 겨울 단팥죽 판매.
가격이 저렴함. (2000~3000원)",1
Ep.25,맛집,춘하추동밀면,밀면,,부산,금정,장전1동 152-19,051-514-6101,,1
Ep.26,맛집,한우통,소고기,,서울,성동,마장동 522-2 2층,02-2299-3245,,1
Ep.27,맛집,그란구스또,고등어파스타,,서울,강남,대치동 962-11,02-556-3960,고등어파스타 최초,1
Ep.27,이 집에 가라,필동이태리식당,"파스타, 피자",,서울,중,필동2가 17-7,02-2272-0486,까르보나라 이테리식,1
Ep.27,맛집,비스테카,시금치페푸치네,,서울,용산,이태원2동 211-33,02-792-7746,모두 생면,1
Ep.27,맛집,그라노 더 그릴,파스타,,서울,강남,신사동 645-1 B1층,02-540-7330,,1
Ep.27,이 집에 가라,운지식당,멸치쌈밥,,경남,창원,마산합포구 남성동 253-6,055-247-5758,멸치와 양배추,1
Ep.28,맛집,본수원갈비,갈비(양념갈비),,경기,수원,팔달구 우만2동 51-20,031-211-8434,"한의사 장지휘.
수입산 양념갈비 추천.
주말, 식사시간은 피할것.",1
Ep.28,맛집,늘봄가든,갈비(양념갈비),,서울,중,저동2가 7-2,02-2279-7640,한의사 장지휘.,1
Ep.28,맛집,조선옥,갈비(양념갈비),,서울,중,을지로3가 229-1,02-2266-0333,강헌. 전통적인 맛.,1
Ep.28,이 집에 가라,원할머니 본가,보쌈,,서울,중,황학동 1685,1599-5353,소양인.,1
Ep.28,이 집에 가라,안흥일품꽃게장,간장게장,봄,충남,서산,석남동 21-1,041-681-8601,소양인.,1
Ep.28,이 집에 가라,고산촌집,녹두 닭 죽,,전남,담양,고서면 산덕리 360-2,061-382-3552,"소음인.
미리 예약을 하지 않으면 음식 나오는 시간이 오래 걸림.
닭회, 갓김치는 따로 요청하지 않으면 나오지 않음.",1
Ep.28,이 집에 가라,고려삼계탕 서소문점,삼계탕,,서울,중,서소문동 55-3,02-752-9376,소음인.,1
Ep.28,이 집에 가라,토속촌삼계탕,삼계탕,,서울,종로,체부동 88-3,02-737-7444,소음인. 삼계탕 강북 추천집.,1
Ep.28,이 집에 가라,호수삼계탕,삼계탕,,서울,영등포,신길5동 342-134,02-831-4111,소음인. 삼계탕 강남 추천집.,1
Ep.28,이 집에 가라,청와정,수육(소고기 수육),,경기,용인,수지구 풍덕천동 35-1,031-896-9876,태음인.,1
Ep.28,이 집에 가라,문화옥,설렁탕/족탕,,서울,중,주교동 118-3,02-2265-0322,태음인. 추천집.,1
Ep.28,이 집에 가라,주먹손두부,두부,,경기,광주,중부면 불당리 81-1,031-748-8636,태음인. 두부편(4-2회)에서 소개됨.,1
Ep.29,맛집,봉피양,냉면(평양냉면),,서울,송파,방이동 205-8,02-415-5527,"9회에 소개됨.
변영주 감독. 오전 8시 오픈. 첫 냉면 추천.",1
Ep.29,맛집,바우식당,몸국,,제주,제주,이도2동 1772-16,064-757-0254,변영주 감독. 아침 식사 추천.,1
Ep.29,맛집,두오모,파스타,,서울,종로,효자동 40-2,02-730-0902,변영주 감독. 이탈리안 레스토랑.,1
Ep.30,Soul City,당골 식당,닭 Full Cource,,전남,구례,산동면 좌사리 31,061-783-1689,산닭회/구이,1
Ep.30,Soul City,잼있는 커피 티읕,카페,,전남,구례,구례읍 봉동리 317-9번지,061-783-0213,,1
Ep.30,Soul City,동아 식당,가오리찜/돼지 족탕,,전남,구례,구례읍 봉동리 204-2,061-782-5474,"심야식당 분위기. 김치찌게/된장찌게 주문 가능.
계란 부침 안나오면 직접 구입 해서 부탁하면 됨.",1
Ep.30,이 집에 가라,진미 칼국수,국수(콩국수),,서울,종로,돈화문로 11가길 31,02-747-5376,,1
Ep.30,맛집,민속식당,죽순 회무침,,전남,담양,담양읍 객사리 252-1,061-381-2515,"22회에 소개됨.
신식당 인근 죽순관련 요리 전문.
신식당의 메뉴가 부실하여 떡갈비만 포장 후 이곳에서 다른 메뉴와 함께 먹으면 좋음.",1
Ep.30,기타,청정 식품,장단콩 판매,,경기,파주,군내면 백연리 480-44,070-4178-2680,민통선 내에 위치한 콩 재배 농가. 인터넷 주문 가능.,1
Ep.30,맛집,애성회관,장단콩 콩국수,,서울,중,북창동 93-57,02-352-0303,"한우 곰탕집.
8회에서 소개.",1
Ep.31,맛집/추천,칠공주장어탕,장어 탕,겨울,전남,여수,교동 595-2,061-663-1580,"해장으로 장어탕 추천.
11시 이후 붕장어(아나고)구이를 판매함.",1
Ep.31,맛집,상아식당,장어 탕,겨울,전남,여수,국동 1082-6,061-643-7840,,1
Ep.31,맛집,자매식당,장어 탕,겨울,전남,여수,국동 1082-7,061-641-3992,,1
Ep.31,맛집,경도 회관,장어(갯장어 샤브샤브),"여름, 가을",전남,여수,경호동 621-1,061-666-0044,갯장어,1
Ep.31,맛집,송강식당,장어,,서울,강남,삼성동 76-12,02-516-7674,가격 대비 만족감이 뛰어남.,1
Ep.31,맛집,장추,장어,,서울,중,충무로3가 58-8,02-2274-8992,"장어덮밥 추천.
가수 정태춘의 단골집.",1
Ep.31,맛집,어부집,장어(구이/탕),,경기,파주,파평면 율곡리 83-29,031-953-0787,"5회에 소개됨.
서울 인근 장어 추천.",1
Ep.31,맛집,미림 횟집,장어(갯장어 샤브샤브),"여름, 가을",전남,여수,경호동 614-1,061-666-6677,갯장어/배송,1
Ep.31,이 집에 가라,남해횟집,장어(갯장어 샤브샤브),"여름, 가을",전남,해남,송지면 어란리 1489-5,061-532-1010,"갯장어를 비롯한 각종 생선.
갯장어의 경우 방문전 확인 필수.
방문하는 길 자체를 즐기기도 좋음.",1
Ep.31,퀸 오브 디저트,레이디 엠,크레이프,,서울,강남,논현동 37-19,02-3447-0070,뉴욕의 밀크레이프 전문점이 한국에 들어온것. 겹겹이 크림이 들어감. 가격 7000원,1
Ep.32,맛집,광릉 한옥집,냉면,,경기,남양주,진접읍 부평리 602-1,031-574-6630,,1
Ep.32,소울푸드,페르시안 궁전,카레,,서울,종로,명륜2가 121-1번지,02-763-6050,박근홍. 이란식 카레 1~10단계 2.5단계 추천.,1
Ep.32,Soul City,등나무집,곱창(돌곱창),,울산,남,상개동,,도시 개발로 철거됨,1
Ep.32,Soul City,함양집,비빔밥(육회 비빔밥),,울산,남,달동 1263-13,052-260-9060,소고기 국밥도 좋음,1
Ep.32,이 집에 가라,상안가든,맑은 오리탕,,울산,북,상안동 680-1,052-295-0593,"맑은 오리탕으로 주문.
3만원 가량.",1
Ep.32,Soul City,언양전통불고기,떡갈비/불고기,,울산,울주,언양읍 서부리 167-6,052-262-0940,낙엽살 즉석 양념,1
Ep.32,Soul City,할매국시,칼국수,,울산,중,서동 55-6번지,052-281-7602,,1
Ep.32,Soul City,초장집,쓰끼다시 만 제공,,울산,남,신정동 수암시장 어디나,,"시장 내 고기 구입 후 구워먹는 시스템.
뭐든 시장내 구입후 구워먹을 수 있음.
회를 떠와도 됨.",1
Ep.32,Soul City,경북식육점수암시장,매운족발/껍데기 기타,,울산,남,신정4동 855-35,052-274-4209,족발집 돼지 껍데기 판매,1
Ep.33,걸신에게 물어봐,데일리킹스다이너,스테이크(패밀리 레스토랑),,경기,성남,분당구 수내동 16-6,031-711-5341,이종한. 야경 좋음.,1
Ep.33,걸신에게 물어봐,군산집,아구찜,,경기,성남,분당구 구미동 123-4,031-715-3377,자반고등어. 맵지 않음.,1
Ep.33,걸신에게 물어봐,플랩잭 팬트리,팬 케익,,경기,성남,분당구 판교동 566-9,031-8016-0168,최소영.,1
Ep.33,걸신에게 물어봐,벨라로사,스테이크(안심스테이크 레어),,경기,성남,분당구 정자1동 18-7,031-717-7282,"강헌. 브라케 도다끼(세미스파클링 이탈리아 피에몬트산 와인).
약간의 최음제 성분이 있다는 속설이 있음.",1
Ep.33,걸신에게 물어봐,청와정,수육 세트 (모듬전/묵 무침),,경기,용인,수지구 풍덕천동 35-1,031-896-9876,"28회에 소개됨.
강헌. 가족 식사 추천. 안동 음식 전문점.
수육 후 나오는 국수를 깻잎에 싸 먹으면 좋음.",1
Ep.33,걸신에게 물어봐,사누키진우동,우동,,경기,성남,분당구 서현동 260-4,031-708-5999,공통.,1
Ep.33,이 집에 가라,북한강,감자전,,경기,파주,탄현면 법흥리 640-12,031-944-2073,민물 매운탕 전문점.,1
Ep.33,이 집에 가라,서부 감자국,감자탕,,서울,은평,녹번동 181,02-356-4555,,1
Ep.34,걸신에게 물어봐,오시오 떡볶이,떡볶이(국물떡볶이),,서울,동작,상도1동 633-44,02-825-7798,,1
Ep.34,걸신에게 물어봐,한우 정육 식당,한우,,서울,강남,역삼동 649-6,02-569-6880,,1
Ep.34,걸신에게 물어봐,상촌식당,"짬뽕(소마명 백짬뽕), 탕수육",,충북,충주,수안보면 중산리 268-6,043-848-3492,,1
Ep.34,걸신에게 물어봐,명동돈까스,돈까스,,서울,중,명동1가 59-13,02-776-5300,,1
Ep.34,Soul City,신식당,떡갈비,,전남,담양,담양읍 담주리 68-1,061-382-9901,"22회에 소개됨.
원조식당. 비싸고 양이 적음.",1
Ep.34,Soul City,민속식당,죽순 관련 요리,,전남,담양,담양읍 객사리 252-1,061-381-2515,"22회에 소개됨.
신식당 인근 죽순관련 요리 전문.
신식당의 메뉴가 부실하여 떡갈비만 포장 후 이곳에서 다른 메뉴와 함께 먹으면 좋음.",1
Ep.34,Soul City,송월관,떡갈비,,경기,동두천,생연2동 683-24,031-865-2428,22회에 소개됨.,1
Ep.34,Soul City,한상근 대통밥집,죽통밥,,전남,담양,월산면 화방리 428-10,061-382-1999,가성비가 좋음.,1
Ep.34,Soul City,죽림원,백숙(죽계찜) (대나무 백숙),,전남,담양,월산면 화방리 624-24,061-383-1292,주변 대밭으로 정취가 좋음.,1
Ep.34,이 집에 가라,고산촌집,닭 Full Cource,,전남,담양,고서면 산덕리 360-2,061-382-3552,"28회 에서 소개됨.
추천 식당.
미리 예약을 하지 않으면 음식 나오는 시간이 오래 걸림.
닭회, 갓김치는 따로 요청하지 않으면 나오지 않음.
백숙의 닭 껍질이 맛있음.
녹두 닭죽.",1
Ep.34,Soul City,전통식당,한정식,,전남,담양,고서면 고읍리 688-1,061-382-3111,"6회에 소개됨.
젓깔, 짠지, 홍어삼합, 참게장.",1
Ep.34,Soul City,수북회관꿀꿀갈비,돼지갈비,,전남,담양,수북면 대방리 405-9,061-382-7043,,1
Ep.34,Soul City,뚝방국수,국수,,전남,담양,담양읍 천변리 159-1,061-382-5630,22회에 소개됨.,1
Ep.34,Soul City,청운식당,순대(암뽕순대),,전남,담양,담양읍 담주리 85,061-381-2436,,1
Ep.34,Soul City,민속집,불고기(고추장 석쇠 불고기),,전북,순창,순창읍 남계리 505-1,063-653-8880,,1
Ep.34,Soul City,옥천골 식당,불고기(고추장 석쇠 불고기),,전북,순창,남계리 694-1,063-653-1008,걸신추천,1
Ep.34,Soul City,새집식당,불고기(고추장 석쇠 불고기),,전북,순창,순창읍 남계리 529,063-653-2271,,1
Ep.34,Soul City,남원집,한정식,,전북,순창,순창읍 순화리 216-2,063-653-2376,6인 예약제. 하루 한 팀만 받음.,1
Ep.34,Soul City,담양온천,노천 온천탕,,전북,담양,금성면 원율리 399,061-380-5111,기타 한옥 민박 등 추천.,1
Ep.34,음식 인문학,남포수제비,수제비,,부산,중,창선동1가 8-2,051-245-6821,,1
Ep.34,음식 인문학,삼청동수제비,수제비,,서울,종로,삼청동 102,02-735-2965,,1
Ep.34,음식 인문학,영원식당,수제비,,서울,영등포,여의도동 21-3,02-784-1866,,1
Ep.34,음식 인문학,김가네사골수제비,수제비(도가니 수제비),,충남,보령,신흑동 760-1,041-934-4706,대천 해수욕장 인근.,1
Ep.34,음식 인문학,서울연인,단팥빵,,서울,마포,,,지하철 2호선 홍대입구역 경의선/공항철도 환승통로 끝,0
Ep.34,음식 인문학,이성당,단팥빵,,전북,군산,중앙로1가 12-2,063-445-2772,,1
Ep.34,음식 인문학,맘모스제과,단팥빵,,경북,안동,남부동 164-1,054-857-6000,,1
Ep.34,음식 인문학,쟝블랑제리,단팥빵,,서울,관악,낙성대동 1660-7,02-889-5170,,1
Ep.34,음식 인문학,빠띠쓰리애나스,단팥빵,,경기,성남,분당구 구미동 189-1,031-716-3994,,1
Ep.34,음식 인문학,델리숍,단팥빵,,서울,서초,반포동 19-3번지 JW 메리어트 호텔 서울 로비층,02-6282-6738,,1
Ep.34,음식 인문학,델리,단팥빵,,서울,구로,신도림동 360-51번지 쉐라톤서울디큐브시티호텔 지하1층,,,1
Ep.35,걸신에게 물어봐,왱이집,해장국(콩나물),,전북,전주,완산구 경원동2가 12-1,063-287-6979,,1
Ep.35,걸신에게 물어봐,이맛콩나물국밥,해장국(콩나물),,전북,전주,완산구 서신동 791-6,063-271-6640,,1
Ep.35,걸신에게 물어봐,삼백집,해장국(콩나물),,전북,전주,완산구 고사동 454-1,063-284-2227,,1
Ep.35,걸신에게 물어봐,남부시장,해장국(콩나물),,전북,전주,완산구 전동 295-4,063-284-1344,,1
Ep.35,걸신에게 물어봐,한벽집,묵은지탕,,전북,전주,완산구 교동 15-3,063-284-2736,전주천변 어디나.,1
Ep.35,걸신에게 물어봐,동환식당,우럭매운탕/두루치기,,제주,서귀포,법환동 223,064-739-8644,"조인래 제주 특파원.
지리. 제피가루 따로 요청.",1
Ep.35,걸신에게 물어봐,몰질 식육식당,복지리,,제주,서귀포,강정동 4521-8,064-739-1542,"조인래 제주 특파원.
메밀수제비 추가.",1
Ep.35,걸신에게 물어봐,용이식당,두루치기,,제주,서귀포,서귀동 298-8,064-732-7892,자반고등어.,1
Ep.35,걸신에게 물어봐,천짓골,수육(돔배고기),,제주,서귀포,천지동 294-10,064-763-0399,,1
Ep.35,걸신에게 물어봐,순화국수,국수(고기국수),,제주,제주,노형동 934-18,064-742-2075,,1
Ep.35,걸신에게 물어봐,장춘식당,제주 토속음식,,제주,제주,연동 281-6,064-742-8556,성게국수. 갈치국.,1
Ep.35,걸신에게 물어봐,미풍해장국,해장국(소고기 해장국),,제주,제주,삼도2동 143-2,064-758-7522,본점을 가야함.,1
Ep.35,퀸 오브 디저트,"에끌레어바이가루하루 
(ECLAIR by garuharu)",에끌레어,,서울,용산,이태원동 247-9,02-337-8090,"프랑스 유학파 쉐프가 운영하는 디저트 전문점.
타닌성분이 낮은 홍차, 디저트 와인과 어울림.
마카롱과 함께 추천.",1
Ep.35,이 집에 가라,개성식당,개장국,,경기,파주,교하읍 교하리 388-7,031-941-3004,"수육은 비추.
기름기가 적고 장과 야채가 좋아 깔끔한 맛.
특 권장.",1
Ep.35,맛집,신진시장골목,개장국,,서울,종로,종로5가 225-21,02-2277-5395,"이재운.
동대문 인근 추천.",1
Ep.35,이 집에 가라,박달집,개장국,,부산,금정,구서2동 1026-7,051-515-9879,"20년대 개점.
개요리 식당 1호점.
100년 가까이 영업중.",1
Ep.36,걸신에게 물어봐,평남면옥,냉면(평양냉면),,경기,동두천,생연동 818,031-865-2413,평양면옥과는 다른 냉면.,1
Ep.36,걸신에게 물어봐,의정부 시장 떡볶이 골목,떡볶이,,경기,의정부,,,,1
Ep.36,걸신에게 물어봐,서문우동,크림/소보루 빵,,충북,청주,상당구 서문동 166-3,043-256-3334,12회에 소개됨.,1
Ep.36,걸신에게 물어봐,공원당,우동,,충북,청주,상당구 남문로2가 87,043-255-3894,기차역 가락국수 정취.,1
Ep.36,걸신에게 물어봐,남주동해장국,소고기(선지) 해장국,,충북,청주,상당구 남주동 379,043-256-8575,"2011년 병든 소로 해장국을 만들어 팔다 적발된 전력이 있음. [키르아]
http://media.daum.net/society/nation/chungcheong/newsview?newsid=20111101233323200",0
Ep.36,걸신에게 물어봐,상주올갱이,해장국(올갱이 해장국),,충북,청주,상당구 서문동 181-1,043-256-7928,,1
Ep.36,걸신에게 물어봐,할머니손칼국수,칼국수,,충북,청주,청원구 내덕2동 393,043-211-5574,,1
Ep.36,걸신에게 물어봐,대한생선국수,국수(생선국수),,충북,청주,서원구 개신동 81,043-265-9292,,1
Ep.36,걸신에게 물어봐,부엉상회,어리굴젓,,충남,서산,동문동 900,041-665-6979,"조금더 알려져 질이 떨어진듯하나 모자라지 않음.
자연산 석굴 사용.
큰 것 병 보다 작은병 여러개 구입을 추천.",1
Ep.36,걸신에게 물어봐,광천젓갈상회,어리굴젓,,충남,서산,동문동 878-9,041-667-8484,"숙성 단계별 선택 가능.
자연산 석굴 사용.
큰 것 병 보다 작은병 여러개 구입을 추천.",1
Ep.36,걸신에게 물어봐,강경신안상회,조개젓,,전북,익산,망성면 신작리 720-1,041-745-1002,"짜지 않고 싱싱함.
주소는 전북으로 검색 되나 전화 번호는 충남임.
G마켓/옥션 동일 점포명으로 검색 가능.
주소 로 찾아가면 위치에 해당 점포가 없으나 홈페이지상의 주소는 해당 위치가 맞음. http://강경신안상회.kr/ [다음-아배고파]]",1
Ep.36,걸신에게 물어봐,안동댁,개장국,,서울,강남,대치동 957-27,02-562-2900,쇼샤님 추천.,1
Ep.36,걸신에게 물어봐,,말고기,,제주,,,,"제주 한라산 인근.
검색으로 찾기를.",0
Ep.36,걸신에게 물어봐,문타로,닭 간 꼬치,,서울,용산,한남동 683-124,02-796-7232,준비 되는지 물어볼 것.,1
Ep.36,걸신에게 물어봐,천상,닭 간 꼬치,,서울,용산,한남동 737-4 1층,02-749-2224,준비 되는지 물어볼 것.,1
Ep.36,걸신에게 물어봐,천하,닭 간 꼬치,,서울,마포,상수동 86-35,02-325-9642,준비 되는지 물어볼 것.,1
Ep.36,걸신에게 물어봐,이치에,닭 간 꼬치,,서울,강남,신사동 656-7,070-4273-4087,닭 간과 염통.,1
Ep.36,걸신에게 물어봐,"머디 워터스
롤링스톤즈","블루스
락앤롤",,,,,,"롤링스톤즈 이름의 유래가 머디워터스 노래중 하나로 사료됨.
불량밴드의 아이콘.",1
Ep.36,걸신에게 물어봐,코롬방제과점,크림치즈바게트,,전남,목포,무안동 1-1,061-243-2161,,1
Ep.36,걸신에게 물어봐,쑥꿀레,분식,,전남,목포,죽동 64-1,061-244-7912,한국식 디저트,1
Ep.36,걸신에게 물어봐,영란횟집,민어 Full cource,여름,전남,목포,만호동 1-5,061-243-7311,"껍질, 부레, 회, 전, 탕이 나옴.",1
Ep.36,걸신에게 물어봐,삼화횟집,민어 Full cource,여름,전남,목포,중앙동1가 4-2,061-244-1079,"껍질, 부레, 회, 전, 탕이 나옴.",1
Ep.36,걸신에게 물어봐,곰집갈비,냉면(함흥냉면),,전남,목포,창평동 7-10,061-244-1567,냉면에 산낙지가 올려 나옴.,1
Ep.36,걸신에게 물어봐,풍년불고기집,소고기,,전남,목포,상락동1가 11-12,061-242-5003,"쓰끼다시가 푸짐함.
10여년 전 이전 기준.",1
Ep.36,걸신에게 물어봐,아이리버 AK100,,,,,,,무손실 음원 플레이어.,0
Ep.36,걸신에게 물어봐,강헌,샤브샤브,,,,,,"바닷가 레시피.
인근 수산시장에서 죽기 직전의 생물 생선과 조개류, 갑각류, 다시마 2장 구입.
다싯물에 샤브샤브로 요리.
마트에서 유자 소스와 와사비를 구입하여 소스로 사용.
이 후 국물로 칼국수 또는 우동을 끓일 수 있음.",0
Ep.36,걸신에게 물어봐,강헌,삼계탕,,,,,,"먼저 닭 발을 포함한 닭 부산물로 육수를 우려 내는게 핵심.
이 육수에 한약제와 함께 끓여야 제 맛이 남.
부산물을 구하기 어려운 경우 영계와 노계로 백숙을 끓인 후 닭을 모두 건져 노계의 뼈를 발라 뼈로 다시 육수를 낸 후 이 육수로 이전의 영계와 함께 삼계탕을 끓임.",0
Ep.36,Soul City,교동반점(교동짬뽕),짬뽕(매운짬뽕),,강원,강릉,교동 162-126,033-646-3833,11회에서 소개됨.,1
Ep.36,맛집,나가하마넘버1,라멘,,후쿠오카,하카타,스미요시 1-2-20 워싱턴 호텔 Canal City 라면 박물관 내,+81 92-282-8800,"최희철.
잇코자 라멘보다 한국적인 맛.
다진 마늘을 전용 스푼으로 한 스푼 반 정도 넣으면 동꼬츠의 느낌함을 잡을 수 있음.",1
Ep.36,Soul City,태광횟집식당,미역국,여름,강원,강릉,강문동 241-7,033-653-9612,"우럭/광어 베이스의 육수를 이용한 진한 맛으로 여름 보신음식으로 추천.
장시간(2시간 가량) 점거할 경우 광어로 낸 육수를 요청할 수 있음.",1
Ep.36,이 집에 가라,광덕식당,소머리국밥,,강원,강릉,성남동 53-10,033-642-6851,닭국밥/내장 국밥도 추천.,1
Ep.36,Soul City,오산횟집,섭국,,강원,양양,손양면 동호리 1-4,033-672-4168,,1
Ep.36,Soul City,천선식당,뚜거리탕(꾹저구탕),여름,강원,양양,양양읍 월리 318-2,033-672-5566,별미로 추천.,1
Ep.36,Soul City,연곡꾹저구탕,뚜거리탕(꾹저구탕),,강원,강릉,연곡면 방내리 69-7,033-661-1494,별미로 추천.,1
Ep.36,Soul City,동해막국수,막국수,,강원,강릉,연곡면 방내리 67-2,033-662-2263,,1
Ep.37,걸신에게 물어봐,북한강,감자전/매운탕,,경기,파주,탄현면 법흥리 640-12,031-944-2073,33회에서 소개됨.,1
Ep.37,걸신에게 물어봐,상안가든,맑은 오리탕,,울산,북,상안동 680-1,052-295-0593,32회에서 소개됨.,1
Ep.37,걸신에게 물어봐,경도 회관,장어(갯장어 샤브샤브),"여름, 가을",전남,여수,경호동 621-1,061-666-0044,31회에서 소개됨.,1
Ep.37,걸신에게 물어봐,미림 횟집,장어(갯장어 샤브샤브),"여름, 가을",전남,여수,경호동 614-1,061-666-6677,31회에서 소개됨.,1
Ep.37,걸신에게 물어봐,영란횟집,민어 Full cource,여름,전남,목포,만호동 1-5,061-243-7311,36회에서 소개됨.,1
Ep.37,걸신에게 물어봐,삼화횟집,민어 Full cource,여름,전남,목포,중앙동1가 4-2,061-244-1079,36회에서 소개됨.,1
Ep.37,걸신에게 물어봐,자반고등어,볶음고추장,,,,,,"다진 소고기, 다진 돼지고기, 우리 친구 ""샘표"" 고추장, 꿀, 마늘, 올리브유 이외의 기름.
프라이팬에 빈 공간이 보이지 않을 만큼 기름을 넉넉히 두른 후 마늘 먼저 넣고 볶고 다진 소고기와 돼지고기를 반쯤 익을 만큼 볶은 다음 필요한 만큼 고추장을 넣고 충분히 볶고 마지막으로 꿀을 둘러 넣고 불을 줄여 용암과 같은 거품이 생길 때 까지 졸인다.",0
Ep.37,걸신에게 물어봐,강헌,대구탕,,,,,,"조개 또는 다시마, 미나리나 쑥갓(필수는 아님), 대구, 대구 간, 대구 이리.
대구 간과 이리를 삶은 후 믹서기 등으로 깔아낸 후 이것으로 죽을 쑨다.
대구는 살이 연하므로 조개나 다시마로 육수를 낸 후, 대구 겉만 익을 정도로 살짝 끓인다.",0
Ep.37,걸신에게 물어봐,본수원갈비,갈비(양념갈비),,경기,수원,팔달구 우만2동 51-20,031-211-8434,28회에 소개됨.,1
Ep.37,걸신에게 물어봐,남보원불고기,소고기,,경기,수원,장안구 영화동 284-2,031-245-9395,"그날 그날 판매하는 부위가 바뀜.
1인분 250g 4만원.
육회 2인분 9만원. (양은 충분함.)",1
Ep.37,음식 인문학,바이온텍,물,,,,,,"알칼리 이온수기.
암 환자를 위한 정수기.
정수된 물로 국을 끓이면 맛이 있다고 함.
http://www.bion-tech.com",0
Ep.37,음식 인문학,강헌,소금,,,,,,5년 이상 간수를 뺀 천일염 또는 함초.,0
Ep.37,음식 인문학,강헌,잡곡밥,,,,,,"현미는 도정 과정이 짧아 농약 잔존율이 높을 수 있으므로 가능하면 친환경 농법으로 재배한것을 사용.
껄끄럽게 느낄 때 찰현미, 수수, 기장, 팥, 콩 등과 특히 밥 앉힐 때 조청(가능하면 수수조청) 1 티스푼 과 소금을 1/4 스푼 정도 넣어 밥을 한다.",0
Ep.37,들리는 요리강좌,자반고등어,농어 찜,,,,,,"어물전에서 가시를 발라 손바닥만하게 포를 떠 온다.

1. 생선을 5번 정도 칼집을 내어 준다.
일본 음식 재료점에서 저염 백된장 6밥 숟가락.
고추장 2 밥 숟가락.
설탕 2 밥 숟가락.
롯데 미림(요리 술) 2 밥 숫가락.
청주 2 밥 숟가락을 잘 섞은 후 농어를 30분 가량 재운 후, 프라이팬에 굽는데, 이때 알루미늄 호일을 깔고 기름을 살짝 두른 후 껍질 부분 부터 쎈불에 2분 굽고 뒤집어 뚜껑을 덮어 30분 가량 처음 만든 소스를 발라가며 구워준다.

2. 블랙빈 소스를 요리 재료점에서 구입.
생선을 한 입 크기로 썬 후 전분을 입혀 튀겨낸다.
프라이팬에 기름을 넉넉히 두르고 파 4개 가량 흰부분을 엄지손가락 길이로 세로로 채 썰어 볶은 후 스리라차의 블랙빈 소스를 3 숟가락, 파프리카 반개, 죽순, 버섯을 볶은 후 튀겨낸 농어살에 붓는다.",0
Ep.37,들리는 요리강좌,자반고등어,갈치조림,,,,,,"홈플러스 기준.
우리 친구 ""샘표"" 남대문 갈치조림 양념(1900원 가량).
제주도산(주장 손질)갈치.
무우와 함께 김치 코너에서 새로운 친구 ""일가집"" 절인 무청 300g 구입.
간편 대파.
우리 친구 ""샘표"" 연두.
미림 혹은 청주.
전골 냄비에 0.5cm 안되게 자른 무우를 깔고 흐르는 물에 깨끗이 씻은 무청을 꼭 짠 후 4토막 가량으로 잘라 깐 다음 갈치를 올리고 갈치 조림 양념을 붓고 미림 또는 청주 반컵과 연두 한 숟가락 정도 넣고 뚜껑을 덮은 후 10분가량 쎈불에 끓이는 동안 파 흰 부분 파란 부분 각 1개를 어슷 썰어 정시에 위에 깔고 중간 불로 20분가량 더 끓인다.",0
Ep.37,이 집에 가라,백만석,비빔밥(멍게 비빔밥),여름,경남,거제,상동동 960,055-638-3300,"규모가 커졌음에도 음식맛이 여전함.
함께 나오는 생선 국(봄 : 도다리 쑥국, 여름 : 우럭 지리, 겨울 : 물메기 지리)이 일품.
갈치구이도 추천(비싼게 함정).",1
Ep.37,맛집,몽돌밭횟집,비빔밥(성게 비빔밥),여름,경남,거제,장목면 송진포리 59,055-636-9055,가격이 비쌈.,1
Ep.37,맛집,한산섬식당,뽈락구이,,경남,통영,산양읍 정량동 1374-10,055-642-8021,,1
Ep.38,맛집,감나무골,개장국,,경기,의왕,내손동 58-1,031-426-1245,양으로 승부. 맛도 좋음.,1
Ep.38,맛집,경북식당,순대(피순대),,충남,공주,산성동 186-1,041-855-4860,,1
Ep.38,걸신에게 물어봐,무안식당,육사시미,,전남,무안,무안읍 면성2길 36,061-453-2431,6회에 소개됨.,1
Ep.38,걸신에게 물어봐,무안식당 별관,육사시미,,전남,무안,무안읍 성내리 187-1,061-453-1919,6회에 소개됨.,1
Ep.38,걸신에게 물어봐,キムラ屋 (키무라야),베이커리(단팥빵),,"東京都
(도쿄도)","中央区
(추오구)","銀座4-5-7
(긴자 4-5-7)",+81 3-3561-0091,4-2회에 소개됨. [최소영],1
Ep.38,걸신에게 물어봐,어시장,,,도쿄,,,,,1
Ep.38,걸신에게 물어봐,つな八 (츠나하찌),각종 튀김,,도쿄,아다치,센쥬 3-92,+81 3-4376-5906,[자반고등어],1
Ep.38,Soul City,본전돼지국밥,돼지국밥,,부산,동,초량3동 1200-6,051-441-2946,수육도 추천. [자반고등어],1
Ep.38,Soul City,,대구탕,,,,미조항,,[최소영],1
Ep.38,Soul City,기장곰장어,짚불꼼장어,,부산,기장,기장읍 시랑리 572-4,051-721-2934,"[최소영, 강헌]",1
Ep.38,Soul City,자갈치시장,어묵,,부산,중,남포동4가 37-1,051-713-8000,[최소영],1
Ep.38,Soul City,겐짱카레,카레(일본식),,부산,중,대청로135번길 26,051-461-0092,[이종한],1
Ep.38,Soul City,박달집,개장국,,부산,금정,구서2동 1026-7,051-515-9879,"35회에 소개됨.
20년대 개점.
개요리 식당 1호점.
100년 가까이 영업중.",1
Ep.38,Soul City,내호냉면,밀면,,부산,남,우암동 189,051-646-6195,"25회에 소개됨.
평양냉면 느낌. 1919년 개점. 밀면의 원조. [강헌]",1
Ep.38,Soul City,송정3대국밥,돼지국밥,,부산,진,부전2동 255-15,051-806-5722,가장 오래됨. 본전돼지국밥과는 다른 터프한 돼지향. [강헌],1
Ep.38,Soul City,양산도집,장어(민물장어),,부산,사상,엄궁동 550,051-311-4098,[강헌],1
Ep.38,Soul City,대영상회,회,,부산,중,남포동5가 92,051-247-6411,"강헌. 자갈치시장 신동아회센타 내.
영화배우 김기호의 안부를 묻는것이 노하우.",1
Ep.38,Soul City,중앙식당,횟밥,,부산,중,중앙동1가 22,051-246-1129,"지리도 추천.
겨울 - 생 명태탕.",1
Ep.38,Soul City,일광실국수,국수(실국수),,부산,중,남포동2가 14-5,051-245-4162,[강헌],1
Ep.38,Soul City,명락우동,우동,,부산,중,광복동1가 20-1,051-245-5532,[강헌],1
Ep.38,Soul City,중앙모밀(중앙손국수),소바(모밀국수),,부산,중,중앙동2가 27,051-246-8686,[강헌],1
Ep.38,Soul City,18번완당집,만두(완당),,부산,중,남포동3가 1,051-245-0018,12회에 소개됨. [강헌],1
Ep.38,Soul City,옛날오막집,곱창(양곱창),,부산,서,동대신동1가 232-2,051-243-6973,[강헌],1
Ep.38,Soul City,양곱창골목,곱창(양곱창),,부산,진,부전동,,스탠드바 분위기. [강헌],1
Ep.38,Soul City,돌쇠 깍두기,고깃집,,부산,연제,연산동 756-5,051-861-4423,안창살. 확실한 정보 아님. (방송에서는 한우로 나왔으나 이곳은 수입산을 사용함.),0
Ep.38,퀸 오브 디저트,앗 뜨거워 Heat,책,,,,,,문학 담당 기자 밥 버포드의 좌충우돌 요리사 변신기.,1
Ep.38,이 집도 가라,동래할매파전,파전,,부산,동래,복천동 367-2,051-552-0791,기장 파 사용.,1
Ep.38,이 집도 가라,해운대소문난암소갈비집,갈비(숯불갈비),,부산,해운대,중1동 1225-1,051-746-0003,"독특한 불판을 사용함.
구우며 고인 육수에 사리를 추가 요청 하면 별미 국수를 즐길 수 있음.",1
Ep.39,걸신에게 물어봐,강헌,냉면육수,,,,,,"육수 6 : 동치미 4에서 취향에 따라 비율을 조정.
무우 맛이 제대로 나는 11월 이후에 시도를 권고.",0
Ep.39,걸신에게 물어봐,강헌,소고기,,,,,,"생협 소고기 (유기농, 지방 적음). - 내 맘 대로 딴지마켓 네이쳐 오다 추천.
태음인인 경우 지방을 잘 제거한 소뼈 또는 곰국.
간이 좋지 않은 경우 너무 고단백은 간에 무리를 줄 수 있음 - 굴(여름 이외), 장어 추천.",0
Ep.39,걸신에게 물어봐,홍미닭발,닭발,,서울,강서,화곡6동 1118-18,02-2697-4996,캡사이신을 사용하지 않은 강한 매운 맛.,1
Ep.39,걸신에게 물어봐,해월토장집,된장음식,,서울,강서,등촌3동 667-11,02-2668-0057,[조장훈],1
Ep.39,걸신에게 물어봐,도일처,동파육,,서울,강서,방화동 621-19,02-2662-2322,[조장훈],1
Ep.39,걸신에게 물어봐,또식당,애저찜,,광주,동,대의동 81-1,062-222-1355,"갓 태어난 새끼 돼지 요리.
최소 한 두시간 전 예약 필수.
한 마리 16~20만원. 반 마리 8~10만원.",1
Ep.39,걸신에게 물어봐,진안관,애저탕,,전북,진안,진안읍 군상리 282-5,063-433-2629,갓 태어난 새끼 돼지 요리.,1
Ep.39,걸신에게 물어봐,중섭식당,애저회(새끼회),,제주,서귀포,정방동 521-1,064-763-1277,아직 태어나지 않은 돼지 태아 요리. [조장훈],1
Ep.39,걸신에게 물어봐,고속도로 휴게소,기본 라면+공기밥 추가,,,,,,[이종한],0
Ep.39,걸신에게 물어봐,동방면식,콩국,,서울,영등포,대림동 1058-34,,튀김을 구입 하면 함께 나오는 콩국에 튀김을 잘라넣어 먹음. [조장훈],1
Ep.39,걸신에게 물어봐,백만석,비빔밥(멍게 비빔밥),여름,경남,거제,상동동 960,055-638-3300,37회에 소개됨.,1
Ep.39,걸신에게 물어봐,42번가,뮤지컬,,,,,,[이종한],0
Ep.39,이 집에 가라,혜성식당,은어밥/은어튀김,늦여름/초가을,경남,하동,화개면 탑리 626-5,055-883-2140,"예약 필수.
1인당 2만원 가량.
밥 나오기 전 은어 튀김 + 맥주 한잔 추천.",1
Ep.39,맛집,동백식당,은어밥/은어튀김,늦여름/초가을,경남,하동,화개면 탑리 674-4,055-883-2439,"예약 필수.
1인당 2만원 가량.
밥 나오기 전 은어 튀김 + 맥주 한잔 추천.",1
Ep.39,걸신에게 물어봐,지킬 앤 하이드,뮤지컬,,,,,,[강헌],0
Ep.39,걸신에게 물어봐,맘마미아,뮤지컬,,,,,,[강헌],0
Ep.39,걸신에게 물어봐,김종욱 찾기,뮤지컬,,,,,,[이종한],0
Ep.39,걸신에게 물어봐,형제는 용감했다,뮤지컬,,,,,,[강헌],0
Ep.39,걸신에게 물어봐,당신이 잠든 사이에,뮤지컬,,,,,,[강헌],0
Ep.39,걸신에게 물어봐,소믈리에르,만화,,,,,,신의 물방울에 버금가는 와인 만화. [강헌],0
Ep.39,걸신에게 물어봐,진우네집국수,국수,,전남,담양,객사리 211-34,061-381-5344,"가장 먼저 시작한 집.
인근 국수집들이 평준화 되어 있음.",1
Ep.39,걸신에게 물어봐,,설탕물밥,,전남,장성,,,"설탕물에 밥을 말아 묵은 신김치, 고등어구이와 함께 먹음.",1
Ep.39,걸신에게 물어봐,남보원불고기,소고기,,경기,수원,장안구 영화동 284-2,031-245-9395,37회에 소개됨.,1
Ep.39,걸신에게 물어봐,평양면옥(도곡),냉면,,서울,강남,도곡동 423-15,02-577-7784,가장 최근에 문을 열었으나 계열점 중 가장 품질이 좋음.,1
Ep.39,음식 인문학,태안자염,소금,,충남,태안,태안읍 동문리 894-8,041-672-3001,"2Kg 4만원 가량.
http://saltpeople.com/mall/index.html",1
Ep.39,이 집에 가라,천화원,짬뽕(하얀 짬뽕)/류산슬/탕수육/깐풍기,,경남,거제,장승포동 232-29,055-681-2408,"51년 부터 영업.
김우중 회장이 거제도 방문 할때 마다 들른 집.
서빙이 무성의함.
굴짬뽕과는 다른 계열.
면이 특이함.",1
Ep.40,,자반고등어,초고추장,,,,,,"고추장 4
수수조청 2.5
양조식초 4",0
Ep.40,,자반고등어,초간장,,,,,,"우리친구 샘표 701간장 4
꿀의 명가 동서 잡화꿀 2.5
식초 3
폰즈소스 0.5",0
Ep.40,,강헌,민어탕,,,,,,"민어의 피를 최대한 뺀 후 끓인 첫 물은 버리고 남은 내장 과 불필요 부위를 제거한 후 다시 끓이다 마지막에 애호박을 4 Cm가량 두께로 썰어 호박 껍질 색이 변하기 직전 불을 끈다.
민어 죽을 끓이기 위해 간은 새우젓으로 각자 한다.",0
Ep.40,걸신에게 물어봐,전호 메밀우동,소바,,서울,관악,봉천동 1664-14,02-885-6693,15회에 소개됨.,1
Ep.40,걸신에게 물어봐,해안횟집,생선 내장탕,,경남,창원,마산합포구 남성동 253,055-246-1726,운지식당 인근.,1
Ep.40,걸신에게 물어봐,다시식당,소바,,경남,의령,의령읍 서동리 491-7,055-573-2514,"이전에 소개됨.
맛보다는 맛 역사를 경험한다는 마음으로 가는것을 권고.",1
Ep.40,Soul City,해월토장집,해장국,,인천,남동,구월4동 1289-6,032-467-6221,39회에 소개된 곳과 다른 곳.,1
Ep.40,Soul City,이화순대,순대국,,인천,중,도원동 67-3,032-882-3039,"순대는 맛이 없음.
크게 특징은 없지만 맛이 있음.",1
Ep.40,Soul City,신포우리만두,쫄면,,인천,중,신포동 36-1,032-772-4958,굳이 찾아가 먹을만한 특징은 없음.,1
Ep.40,Soul City,풍미당,쫄면,,충북,옥천,옥천읍 금구리 157-5,043-732-1827,,1
Ep.40,Soul City,보영만두,쫄면,,경기,수원,장안구 영화동 282-2,031-242-9076,,1
Ep.40,Soul City,보영만두,쫄면,,경기,용인,처인구 김량장동 87-2,031-321-3377,[이종한],1
Ep.40,Soul City,신포시장,닭강정,,인천,중,신포동 7 신포시장,032-772-5812,시장 내 어느곳에서 먹어도 관계 없음.,1
Ep.40,Soul City,포다쌀국수,국수(쌀국수),,인천,부평,부평동 206-18 2층,070-7750-6668,"MSG 사용.
점포 이전 후 맛이 떨어졌다는 얘기가 있으나 차이가 크지 않음.",1
Ep.40,Soul City,모모참치,회(참치회),,인천,남동,구월동 1142-29,032-426-8580,"가격이 매우 비쌈.
참치집에 갔을 때에는 무조건 가장 비싼 코스를 먹을것.
이 곳의 경우 1인 12만원 가량.",1
Ep.40,Soul City,금메달추어탕,추어탕,,인천,남동,운연동 32-3,032-465-6703,"마늘추어탕.
냄비밥 제공. [자반고등어]",1
Ep.40,Soul City,세숫대야 냉면,세숫대야 냉면,,인천,동,화평동,,동내 분식집 화평동 냉면 맛과 동일. [이종한],1
Ep.40,Soul City,깃대봉냉면,세숫대야 냉면,,서울,종로,숭인동 56-25,02-762-4407,,1
Ep.40,들리는 요리강좌,자반고등어,렌틸콩 스프,,,,,,"친구가 되고픈 홈플러스 등 대형 마트(옥션에서 구입 가능 - 이종한)에서 렌틸콩(렌즈콩) 한 봉지 구입 (8500원 가량 - 2인 기중 15회 사용 가능).
당근 2개, 양파 1, 버터, 체다치즈, 우유 준비.
편수 프라이팬에 버터를 과하게 둘른 후 (밥숟가락 2번 가량) 80%정도 녹았을 때 당근과 양파를 듬성 듬성 썰어 넣어 2꼬집 손 분량의 소금간을 하여 5분 가량 볶는다.
렌틸콩을 종이컵 두번 넣고 렌틸콩이 버터를 흡수하면 냄비에 옮겨 담고 렌틸콩의 2배 분량의 물을 부어 끓인다.
이 때 아주 친구가 되고 싶은 신세계 백화점의 채소 스톡이 있다면 물과 함께 넣어도 된다.
콩의 색이 변하면 도깨비 방망이 또는 믹서기로 갈고 우유 2컵 가량 넣은 후 6분가랑 끓이는데 이때 소금간을 하고 약불로 10분 가량 끓인 후 체다치즈 3장을 넣어 골고루 섞이도록 나무주걱으로 섞어 2~3분 끓여 아무것도 바르지 않은 식빵을 바삭하게 구워 파슬리등으로 데코레이션 하여 함께 먹는다.",0
Ep.40,맛집,설빙,빙수(팥빙수),,,,체인.,,미숫가루 중심의 복고풍 빙수.,0
Ep.40,맛집,밀탑,빙수(팥빙수),,,,체인. 현대백화점 내.,,,0
Ep.40,맛집,경성팥집 옥루몽 홍대점,빙수(팥빙수),,서울,마포,서교동 402-18,02-325-4040,신촌점이 있음.,1
Ep.40,이 집에 가라,할매팥빙수단팥죽,빙수(팥빙수)/단팥죽,,부산,남,용호동 148-2,051-623-9946,"15회에 소개됨.
여름 팥빙수, 겨울 단팥죽 판매.
가격이 저렴함. (2000~3000원)",1
Ep.40,이 집에 가라,아이해브어드림,빙수(와인 빙수),,서울,강남,역삼동 821-1번지 강남이즈타워 지하 3층,02-3453-7697,"전 영화배우 이승진이 운영 (데뷔작 라이방).
신선로 파스타와 주력 메뉴.",1
Ep.40,이 집에 가라,CAFFE Rhea' 0306,빙수(눈꽃빙수),,경기,용인,풍덕천동 1080-9번지 하나로프라자 107호,031-272-6285,"4회에 소개됨.
팥이 따로 나오고 리필 가능.
사람이 많기 때문에 칠판에 이름과 인원수를 적어야 함.
오레오빙수는 비추.",1
Ep.41,걸신에게 물어봐,,"진국(또는 진땡, 개장국)",,울산,,,,된장을 풀지 않은 진한 국물의 개장국.,1
Ep.41,걸신에게 물어봐,우래옥,냉면,,서울,중,주교동 118-1,02-2265-0151,9회에 소개됨. 최소영. 순면이 사라져 비추하는 집이 됨.,1
Ep.41,걸신에게 물어봐,능라,냉면,,경기,성남,분당구 운중동 883-1,031-781-3989,주말 6인 이상인 경우 순면을 해줌. 추천 맛집 아님.,1
Ep.41,걸신에게 물어봐,환공어묵,어묵,,부산,중,부평동2가 14-2,051-245-2969,15회에 소개됨. 날이 갈수록 품질이 떨어져 추천 리스트 탈락이 고려됨.,1
Ep.41,걸신에게 물어봐,해참미도어묵,어묵,,부산,중,부평동2가 14-5,051-245-2968,15회에 소개됨. 날이 갈수록 품질이 떨어져 추천 리스트 탈락 위기에 있음.,1
Ep.41,걸신에게 물어봐,가마보꼬,어묵,,딴지마켓,,,,"http://market.ddanzi.com
가성비 뛰어남.",0
Ep.41,걸신에게 물어봐,오뎅,,,,,,,"가마보꼬가 오뎅의 정확한 표현.
오뎅 : 가마보꼬, 쓰지(소 힘줄), 달걀, 유부주머니를 사용한 관서지방 요리의 이름.",0
Ep.41,걸신에게 물어봐,도깨비 시장,가마보꼬,,서울,중,남창동 49 남대문 수입 시장.,02-753-2805,일본에서 수입한 간사이 가마보꼬 팩을 판매.,1
Ep.41,걸신에게 물어봐,신세계백화점,가마보꼬,,서울,중,충무로1가 52-5,1588-1234,"일본에서 수입한 간사이 가마보꼬 팩을 판매.
본점 외에도 일부 판매 하는 것으로 알고 있음.",1
Ep.41,걸신에게 물어봐,강릉해변메밀막국수,막국수,,경기,김포,월곶면 군하리 398-4,031-984-7836,"[구르는낙엽]
걸신 방문 예정.",1
Ep.41,걸신에게 물어봐,남해횟집,장어(갯장어 샤브샤브),"여름, 가을",전남,해남,송지면 어란리 1489-5,061-532-1010,"31회에 소개됨.
갯장어를 비롯한 각종 생선.
갯장어의 경우 방문전 확인 필수.
방문하는 길 자체를 즐기기도 좋음.",1
Ep.41,걸신에게 물어봐,천일식당,한정식(떡갈비),,전남,해남,해남읍 읍내리 34-1,061-535-1001,"22회에 소개됨.
한 때는 최고였으나 현재는 맛이 갔음.",1
Ep.41,걸신에게 물어봐,성내식당,육사시미/미자탕,,전남,해남,해남읍 수성리 64-9,061-533-4774,"방문 전 확인 필요.
식사 마무리로 비빔밥을 요청하면 찌게와 함께 비빔밥이 나옴.
특별한 소 부위를 먹고 싶은 경우 소의 음경을 사용한 미자탕을 먹을 수 있음.",1
Ep.41,걸신에게 물어봐,수인 포장마차,육사시미,,전남,해남,남동리 60-7,061-532-7802,"성내식당 가기 힘든 경우.
식사 마무리로 비빔밥을 요청하면 찌게와 함께 비빔밥이 나옴.",1
Ep.41,걸신에게 물어봐,원조장수통닭,닭 Full cource,,전남,해남,해남읍 연동리 433-6,061-535-1003,"닭 요리의 좌장.
혼자 먹기에는 버거움.
메뉴 : 닭 5만원, 오리 5만원.
닭 발 사이를 사용한 부위와 근위(닭 똥찝 부분)이 회로 나옴.
남은 요리는 포장해줌.",1
Ep.41,걸신에게 물어봐,해안 인근 횟집,회(삼치회),초가을,전남,해남,해남 해안 전역,,갯장어 샤브샤브와 삼치회를 모두 제공하는 식당을 찾는 것이 효율적임.,1
Ep.41,걸신에게 물어봐,프로젝트D,빙수(수박빙수),,경기,용인,기흥구 보정동 1189-6,031-898-0878,"6회에 소개됨.
맛이 좀 떨어졌다는 의견이 있음.",1
Ep.41,걸신에게 물어봐,용인죽전 교동짬뽕,짬뽕,,경기,용인,수지구 죽전동 1190-5,031-898-3323,11회에 소개됨. 용인 죽전점을 강조함.,1
Ep.41,걸신에게 물어봐,풍원추어탕,추어탕,가을,경기,용인,수지구 죽전동 1175-9,031-897-9998,"수도권 베스트 5.
원주식.
일요일 휴무.",1
Ep.41,걸신에게 물어봐,미가,훠꿔,,경기,용인,수지구 풍덕천동 570-6,031-272-8845,"예전보다 양이 줄음.
건두부/백탕/홍탕 모두 훌륭함.",1
Ep.41,걸신에게 물어봐,신승반점,중식,,인천,중,북성동2가 11-32,032-762-9467,공화춘 문 닫은지 오래됨. 지금의 주인은 전혀 상관 없는 사람. 공화춘 원점의 막내 손녀가 주인임. [이트레인저],1
Ep.41,걸신에게 물어봐,용화반점,볶음밥,,인천,중,경동 4-12,032-761-5970,불맛이 제대로남. [이트레인저],1
Ep.41,걸신에게 물어봐,이품분식,만두(왕만두),,서울,마포,연남동 228-11,010-4968-2668,"[이트레인저]
걸신 추천.",1
Ep.41,걸신에게 물어봐,이로운한우,소고기,,경북,군위,효령면 성리 715-8,054-382-9909,직판장 스타일. 가성비가 좋음.,1
Ep.41,걸신에게 물어봐,참좋은한우,소고기,,경북,군위,효령면 성리 712-3,054-382-8260,직판장 스타일. 가성비가 좋음.,1
Ep.41,걸신에게 물어봐,,소고기,,경북,군위,효령면 성리,,"이로운한우, 참좋은한우와 연이어 있음.
직판장 스타일. 가성비가 좋음.",1
Ep.41,걸신에게 물어봐,남선옥,소고기,,경북,의성,의성읍 도동리 981-8,054-834-2455,"일대 최고의 명가.
옛 스러운 분위기를 즐길 수 있음.
의성 장날에 맞춰 가야 곰탕을 맛 볼 수 있음. (2/7장)
장 구경도 재미가 있음.",1
Ep.41,걸신에게 물어봐,항구식당,회(물회 - 자리물회/한치/된장물회),,제주,서귀포,대정읍 하모리 770-9,064-794-2254,"된장 푼 물회 추천. [괴도M]
주인이 점포를 정리하고 제주시로 이사함.
새 주인이 같은 이름으로 새 점포를 냄.
방어회는 제철이 아니어서 판단 보류.
갈치 조림과 고등어 조림은 맛있다고 함. [콰이곤진]",1
Ep.41,걸신에게 물어봐,삼강식당,오리샤브샤브 코스,,제주,서귀포,서호동 1148-13,064-739-1136,코스요리 중 죽을 추천. [괴도M],1
Ep.41,걸신에게 물어봐,삼청각,한식,,서울,성북,성북동 330-115,02-765-3700,상견례 장소. (비추 - 근현대사를 확인해 볼 것). [최소영],1
Ep.41,퀸 오브 디저트,이성당,소보루빵,,전북,군산,중앙로1가 12-2,063-445-2772,34회에 소개됨.,1
Ep.41,퀸 오브 디저트,브레드 쇼,소보루빵,,서울,용산,한남동 736-9,02-792-2233,"이성당을 넘어서는 맛.
프랑스인 파티쉐.
단팥빵도 추천.",1
Ep.41,맛집,진옥화할매원조닭한마리 본점,백숙(닭한마리),,서울,종로,종로5가 265-22,02-2275-9666,미슐렝 가이드(그린북)에 소개됨.,1
Ep.41,맛집,삼원가든,소고기,,서울,강남,신사동 623-5,02-548-3030,"미슐렝 가이드(그린북)에 소개됨.
가격이 비쌈.",1
Ep.41,이 집에 가라,용수산,한식,,서울,종로,원서동 148,02-734-5999,"미슐렝 가이드(그린북)에 소개됨.
상견례 자리로 추천.
개성식 한식 코스 요리.
분점이 여러곳에 있음.
http://www.yongsusan.co.kr/ko/main/main.htm",1
Ep.42,걸신에게 물어봐,,화이트와인,,이탈리아,트렌티노알토아디제,,,"이탈리아 북부.
가성비 최고.
현지가 5유로 가량이나 품질은 가격을 넘어섬.",0
Ep.42,걸신에게 물어봐,,레드와인,,이탈리아,토스카나,,,이탈리아 3대 와인 생산지.,0
Ep.42,걸신에게 물어봐,,레드와인,,이탈리아,피에몬테,,,이탈리아 3대 와인 생산지.,0
Ep.42,걸신에게 물어봐,,레드와인,,이탈리아,베네트,,,이탈리아 3대 와인 생산지.,0
Ep.42,걸신에게 물어봐,,레드와인,,이탈리아,아브루초,,,그다지 유명 산지는 아니지만 몬테필치아노종의 와인이 뛰어남.,0
Ep.42,걸신에게 물어봐,,레드와인,,이탈리아,마르케,,,그다지 유명 산지는 아니지만 몬테필치아노종의 와인이 뛰어남.,0
Ep.42,걸신에게 물어봐,,화이트와인,,독일,,,,"리슬링종은 단맛이 많으나 드라이한 와인도 적지 않음.
드라이한 리슬링이 파스타와 잘 어울리나 여자와 함께일때는 단 맛을 추천.",0
Ep.42,걸신에게 물어봐,양대화,곱창,,경기,용인,수지구 죽전동 1350,031-889-2233,가격이 비쌈. [이종한],1
Ep.42,걸신에게 물어봐,감나무집기사식당,돼지불백/두부찌게,,서울,마포,연남동 515-19,02-325-8727,[abraxas],1
Ep.42,걸신에게 물어봐,카오스,나이트,,,전주,,,영화 넘버3 촬영지.,0
Ep.42,들리는 요리강좌,자반고등어,명란 크림 파스타,,,,,,"재료 : 파스타면(데체코), 명란 두쌍 반 (5인 기준), 마늘 3쪽, 생크림, 우유, 올리브기름(엑스트라 버진), 소금, 후추.
면을 물에 넣고 물이 끓을 때 소금을 큰 스푼으로 한 스푼 넣고 물이 안보일 정도로 싼 올리브오일을 넣은 후 6분 40초를 쌂고 면을 건져 다른 그릇에 넣고 뚜꼉을 덮어 뜸을 들인다.
면을 준비하는 동안 프라이팬에 올리브 오일을 충분히 둘러 마늘 3쪽을 얇게 저며 뜨겁게 달아오른 올리브 기름에 마늘을 넣어 햫이 베어나올때 까지 볶은 후 불을 줄이고 명란을 준비하는데, 껍질을 갈라 칼 등으로 밀어 알만 뽑아낸다. 적당한 크기의 보울에 생크림 2:우유 1비율로 4-5인분 기준 종이컵으로 생크림 2컵 우유 1컵을 명란과 함께 넣어 섞고 명란 자체의 간으로 후추 약간과 꿀 반스푼 화이트 와인 한숫갈 반가량 넣는다. 프라이팬에 뜸들인 면을 넣어 볶고 보울에 담겨있는 명란 알을 넣어 명란 알이 흰색으로 변할 때까지 저어주다 간이 필요한 경우 소금을 약간 넣고 파슬리를 다져 마무리로 살짝 볶아 접시에 담아 먹는다. 
피클 또는 마트에서 구입한 검은 올리브를 곁들이면 좋음.",0
Ep.42,Soul City,남보원불고기,소고기,,경기,수원,장안구 영화동 284-2,031-245-9395,"37회에 소개됨.
그날 그날 판매하는 부위가 바뀜.
1인분 250g 4만원.
육회 2인분 9만원. (양은 충분함.)",1
Ep.42,Soul City,일미식당,순대국,,경기,수원,팔달구 매산로1가 60-3,031-251-9640,"순대가 없는 순대국밥.
국밥양이 매우 많음.
머릿고기와 내장 (모듬 가능) 역시 최고이지만 국밥 양이 충분하기 때문에 따로 시킬 필요 없음.",1
Ep.42,Soul City,수원만두,금사오룡해삼,,경기,수원,팔달구 팔달로1가 5-2,031-255-5526,"만두가 유명하지만 호불호가 갈림. (고기 양이 적음)
짜장면을 판매하지 않음.
가격이 비싸지만 맛볼만 함. (5만원 가량)",1
Ep.42,Soul City,진미통닭,통닭,,경기,수원,팔달구 팔달로1가 50,031-255-3401,다른 건물에서 테이크아웃 가능.,1
Ep.42,Soul City,대원옥평양냉면,냉면,,경기,수원,팔달구 팔달로1가 64-1,031-255-7493,"동의하기 어려운 냉면.
수원식으로 분류 할 수 있음.
자작한 비빔냉면이 특징.",1
Ep.42,맛집,대원옥평양냉면,냉면,,경기,안양,동안구 관양동 1437-26,031-425-7794,"[자반고등어]
분점.
지도에는 비소원으로 표시됨.",1
Ep.42,Soul City,유치회관,해장국(선지해장국),,경기,수원,팔달구 인계동 1132-4,031-234-6275,,1
Ep.42,Soul City,수원해장국,해장국,,경기,수원,팔달구 화서동 115-5,031-245-1346,,1
Ep.42,Soul City,보영만두,쫄면,,경기,수원,장안구 영화동 282-2,031-242-9076,"12회에 소개됨.
쫄면, 만두, 쿨피스.
쫄면과 만두를 섞어먹는것이 특징.
쫄면은 본점 만두는 영통점이 더 나음.
영통점이 40회에 소개됨.",1
Ep.42,Soul City,아우내순대청국장,순대국,,경기,수원,장안구 영통구 매탄동 1199,031-215-0440,"순대국, 청국장이 주력. [자반고등어]",1
Ep.42,Soul City,장군집,뽈살,,경기,수원,팔달구 인계동 1023-3,031-233-8992,"인계동박스. (수원 유흥가)
걸신 청취자는 1인분 서비스. [자반고등어]",1
Ep.42,Soul City,골목집,묵은지찜,,경기,수원,영통구 매탄동 923-38,031-245-9158,"자반고등어.
재료 선택 가능.
돼지고기, 꽁치, 고등어.
8000원 가량.
맛기름 사용.",1
Ep.42,Soul City,코끼리만두,쫄면,,경기,수원,팔달구 팔달로3가 26-3,031-255-6704,수원 쫄면의 원조. [조장훈],1
Ep.42,Soul City,북문해물탕,해물탕,,경기,수원,장안구 영화동 160-2,031-243-2441,랍스터가 올려져 나옴. [조장훈],1
Ep.42,Soul City,박네집,부대찌게,,경기,수원,권선구 구운동 929-1,031-291-7171,육수가 독특함. [조장훈],1
Ep.42,Soul City,두꺼비집,부대찌게,,경기,수원,영통구 영통동 1008-11,031-202-4267,[조장훈],1
Ep.42,이 집에 가라,문배동 육칼,칼국수,,서울,용산,문배동 34-1,02-713-6204,"23회에 소개됨.
삼성동, 여의도에 지점이 있음.
파의 진액이 우러나올 만큼 오랫동안 고아낸 닳고 닳은 맛.",1
Ep.42,이 집에 가라,진골목식당,육개장,,대구,중,종로2가 66-5,053-253-3757,"50년대 가정집 분위기.
지역에서는 육개장 맛이 고르지 않아 콩나물 밥을 선호한다는 제보가 있음. [lazyafternoon]",1
Ep.42,맛집,옛집식당,육개장,,대구,중,시장북로 120-1,053-554-4498,일반 가정집 분위기.,1
Ep.42,맛집,파티마병원 장례식장,육개장,,대구,동,신암동 576-3,053-940-7114,[이종한],1
Ep.42,맛집,국일따로국밥,육개장,,대구,중,전동 7-1,053-253-7623,"16회에 소개됨.
[조장훈]",1
Ep.42,맛집,벙글벙글식당,육개장,,대구,중,공평동 14-23,053-424-7745,[조장훈],1
Ep.43,공개방송,동화반점,팔보완자(빠빠완즈 공룡알),,서울,중,을지로6가 18-95,02-2265-9224,"1-2회에 소개됨.
공개방송 외부 집합 장소 추천.",1
Ep.43,공개방송,식육식당,쓰끼다시 만 제공,,울산,남,신정동 수암시장 어디나,,"32회에 초장집이 소개됨.
공개방송 외부 집합 장소 추천. [이종한]",1
Ep.43,걸신에게 물어봐,태인양조장,죽력고,,전북,정읍,태인면 태흥리 392-1,063-534-4018,숙취에 해장술로 효과가 있다고 주장함. [쿠스코77],1
Ep.43,걸신에게 물어봐,,마파두부,,일본,요코하마,차이나타운,,"[하얀숲]
사천 요리가 일본에 처음 진출한 지역. [걸신]",0
Ep.43,걸신에게 물어봐,메트로아티정,디저트,,부산,수영,남천동 15-16,070-8829-0513,"시큼 짭짤한 식사용 빵 전문. [최소영]
http://radio.ddanzi.com/index.php?mid=broadcastBoard&category=1512133&document_srl=2942117 [마카모찌]",1
Ep.43,걸신에게 물어봐,원조양평해장국,해장국,,경기,양평,양평읍 공흥리 751-7,031-771-0815,[사정봉],1
Ep.43,걸신에게 물어봐,신내서울해장국,해장국,,경기,양평,개군면 공세리 327-9,031-773-8001,"4회에 소개됨.
양평 지역 원조.",1
Ep.43,걸신에게 물어봐,조점례피순대,순대국,,전북,전주,완산구 전동3가 2-198,,"이전회에 소개 됐으나 리스트에 없음.
확장 후 잡채 섞인 순대가 나오고 음식 재사용이 의심된다는 소식이 있음. [자유날다]",1
Ep.43,걸신에게 물어봐,한밭식당,설렁탕,,대전,동,중동 60-1,042-256-1565,"24회에 소개됨.
최근 방문후 다소 실망함. [자반고등어]",1
Ep.43,걸신에게 물어봐,부산안면옥,냉면,,대구,중,공평동 8-5,053-424-9389,대구 지역 냉면 중 걸신 입맛에 가장 맞음.,1
Ep.43,걸신에게 물어봐,진골목식당,육개장,,대구,중,종로2가 66-5,053-253-3757,"42회에 소개됨.
주인이 바뀐 후 퀄리티가 고르지 못한 면이 있음.",1
Ep.43,걸신에게 물어봐,반포집,수제비,,서울,서초,반포본동 817,02-593-6684,삭막한 지역 환경에도 꾸준히 명맥을 이어온 집.,1
Ep.43,걸신에게 물어봐,반포치킨,통닭(마늘통닭),,서울,서초,반포동 1050 반포상가 J동 21호,02-599-2825,"30년 이상의 전통을 가진 집.
삭막한 지역 환경에도 꾸준히 명맥을 이어온 집.",1
Ep.43,걸신에게 물어봐,두루,국수(김치말이),,서울,강남,청담동 22-11 주로빌딩 2층,02-3443-8834,"면을 직접 뽑아 내거나 특별 주문하여 만드는것으로 생각됨.
2층 가옥의 아주 오래된 집. [최소영]",1
Ep.43,걸신에게 물어봐,이연국수,소면,,전북,전주,덕진구 인후동2가 1529-19,063-242-0036,"25회에 소개됨.
구 이조국수.
충북 증평의 제면소에서 면을 특별 주문하여 사용.
정치인 출입금지.",1
Ep.43,맛집,백양국수,국수,,전북,임실,임실읍 이도리 670-10,063-642-2339,,1
Ep.43,걸신에게 물어봐,사동리옛날손두부,두부,,경기,이천,대월면 사동리 347-152,031-633-8511,"이전에 소개되온 두부집들에 버금감.
두부전골은 그다지.",1
Ep.43,걸신에게 물어봐,보용만두,만두,,경기,수원,장안구 영화동 392-12,1644-7530,"만두가 보영만두에 비해 나쁘지 않음. [청소부김씨]
원래 보영 만두 자리. [이종한]",1
Ep.43,걸신에게 물어봐,성심당,송편,,대전,중,은행동 145,042-256-4114,추석 특선 송편 품질이 좋음. [자반고등어],1
Ep.43,음식 인문학,운수 좋은 날(현진권),설렁탕,,,,,,,0
Ep.43,음식 인문학,봄봄(김유정),떡,,,,,,,0
Ep.43,음식 인문학,감자(김동인),감자,,,,,,,0
Ep.43,음식 인문학,국수 (평양냉면),시,,,,,,"백석.
평안북도 정주 출신.
평안북도 구성 출신의 소월 김정식과 함께 대표적인 평안북도 출신 시인임.
식민지시대의 이북에서 출생했다는 이유로 금기시 되다가 80년대 해금됨.
90년대 부터 식민지 시대 예술가 3대 미남으로 유명해짐.
30년대 당시 시점으로 파격적인 헤어스타일을 소유함.
영화 모던보이에서 박해일의 머리스타일의 모델이 됨.
드라마 별그대에서 신성록의 과거로 설정됨. [이종한]
첫 시집 ""사슴""으로 논란이 됨. - 평안북도 사투리를 알지 못하면 알 수가 없음.
일본 아오야마(靑山)학원 (10년대 사의찬미 윤심덕이 동경 고등 음악학원 진학 전 수학하던 곳) 영문학과 출신 .
30년대 조선일보 기자 활동함.
당시 통영 맛기행 기사가 있음.
90년대 한국 시인 설문에서 가장 인기 있는 시인으로 선정.
평양 오산 학교 -> 도쿄유학 -> 경성 기자생활 -> 함경도 함흥 여고에서 교사 생활 -> 만주(병역기피) -> 해방 후 돌아옴.
해방 후 고당 조만식과의 연관됐다는 이유로 50~60년대 까지 농장에서 노역에 시달리다 사망함.
모친이 무당 또는 기생이라는 설이 있음.
독특하게도 시적 대상이 아닌 것을 주제로 시를 짓는데 이를 통해 인생의 무상함으로 세상을 바라보는 시인의 시각을 엿볼 수 있음.

시에 등장하는 지역 음식.
평안도 음식 : 붕어곰, 손구먹, 석박지, 미차떡, 조개송편, 매감탕, 국수, 다시냉국, 각종나물, 무이진개국(무와 파를 볶아 새우를 넣어 끓인 국)
함경도 음식 : 가자미식해, 창란젓, 귀리차, 기장감주.
경기도 음식 :
고성/통영 음식: 아가미젓(대구), 건밭말, 전복, 해삼, 호레기, 도미, 대구, 파래.
일본 음식 : 참치회, 금귤.
만주 음식 : 연소탕(제비집 요리)",0
Ep.43,음식 인문학,선우사 (좋아하는 반찬을 주제로한 시),시,,,,,,,0
Ep.43,들리는 요리강좌,표문송,해물 스튜,,,,,,"각종 해물(종류 무관)을 볶다가 생 토마토를 함께 볶아 소금과 와인 또는 허브 또는 그때 그때 있는 향신료를 넣고 멸치, 다시마, 말린 홍합을 사용한 육수로 스튜를 끓임.",0
Ep.43,맛있는 책,포크를 생각하다,책,,,,,,"비 윌슨.
푸드라이터.
정치 사상사 전공.
사회 과학과 역사를 주로 다룸.
마스터 쉐프 준결승 진출 경력이 있음.
요리 도구에 대해 다룬 책.
요리 역사를 조리도구의 관점에서 쓴 음식 문화사.
하나의 주방 용품이 탄생하기 까지의 기술 진보 과정과 그 주변 이야기.
가디언, 인디펜던트로 부터 2012년 최고의 책으로 선정.",0
Ep.43,이 집에 가라,부영각,짜장(볶음 짜장),,서울,마포,용강동 494-61,02-716-2413,"1-2회에 소개됨.
현재 위치에서 300미터 가량 떨어진 허름한 곳에서 시작하였으나 현재는 건물을 지어 운영함.
1대 때 영업이 끝난 후 다 팔지 못한 면과 해산물 등의 재료를 볶아 가족끼리 먹던것이 유래가 됨.",1
Ep.43,이 집에 가라,복성각,짜장(볶음 짜장),,서울,마포,용강동 494-61,02-716-2413,근래 양돈가에서 항생제를 다량으로 사용하기 때문에 짜장을 만들 때 라드를 사용하지 못하고 식용유를 사용하지만 이 곳은 라드를 사용하여 짜장을 만들고 있음.,1
Ep.43,기타,신창원,중국음식,,서울,광진,화양동 2-39번지,02-466-8233,"이름이 특이함.
현재는 영업하지 않음. [자반고등어]",1
Ep.44,맛집,벽제갈비,갈비,,서울,강남,도곡동 467-29 타워펠리스 반트스포츠클럽 1층,02-2058-3535,가격이 매우 비쌈.,1
Ep.44,맛집,인도네팔레스토랑,카레(인도카레),,경기,용인,수지구 죽전동 1321-3,031-8898-773,"죽전 단국대 인근.
단무지 반찬.
[이종한]",1
Ep.44,걸신에게 물어봐,샤토 세인트 진(saint jean),와인(화이트 와인),,,,,,"잡채와 잘 어울리는 와인.
가성비가 뛰어남.",1
Ep.44,걸신에게 물어봐,벨라로사,스테이크(안심스테이크 레어),,경기,성남,분당구 정자1동 18-7,031-717-7282,33회에 소개됨.,1
Ep.44,걸신에게 물어봐,데일리킹스다이너,스테이크(패밀리 레스토랑),,경기,성남,분당구 수내동 16-6,031-711-5341,33회에 소개됨.,1
Ep.44,맛집,BLT STEAK Seoul,스테이크,,서울,동대문,종로6가 289-3 JW 메리어트 동대문 스퀘어 서울.,02-2276-3000,"가격이 매우 비쌈 (8만원 가량).
세계 3대 스테이크 체인점. [이종한]",1
Ep.44,걸신에게 물어봐,연수사철탕,개장국(수육/개장국),,경기,성남,중원구 하대원동 358-5,031-755-7853,"[사짜식당]
개장국을 수육 밑에 바쳐 수육이 식지 않도록 함.
이북 스타일 개장국. [걸신]",1
Ep.44,걸신에게 물어봐,대흥각,"짬뽕(고추빰뽕)
짜장(육미짜장)",,전북,김제,요촌동 182-52,063-547-5886,복성루 스타일. 많이 매움. 김제지역 짬뽕 중 가장 추천. [조장훈],1
Ep.44,걸신에게 물어봐,중수원,볶음밥,,전북,김제,요촌동 201-19,063-542-8013,옟날 불맛이 살아있고 라드를 쓰는듯한 훌륭한 풍미를 자랑함. [조장훈],1
Ep.44,걸신에게 물어봐,청하반점,중화요리,,전북,김제,청하면 동지산리 1010-5,063-545-2117,개념없이 아무때나 쉼. 휴무로 방문 못함. [조장훈],1
Ep.44,걸신에게 물어봐,고각,짬뽕(전복홍합짬뽕),,전북,김제,부량면 대평리 24-13,063-546-6577,폭식계짬뽕. 조미료를 거의 쓰지 않는듯. [조장훈],1
Ep.44,걸신에게 물어봐,초원,죽,,서울,종로,당주동 160,02-735-5904,일본에도 소개되어 일본 관광객이 많이 찾아옴. 수십년이 지나도 맛이 한결같음. [조장훈],1
Ep.44,걸신에게 물어봐,타락죽,죽,,,,,,2시간 가량 불린 멥쌀을 믹서에 매우 곱게 간 후 우유와 섞어 끓임. 소금으로 간함. [자반고등어],0
Ep.44,걸신에게 물어봐,라면 조리법,라면,,,,,,"[상어가오리x]
덕용포장 삼양라면 과 가장 흡사한 맛을 내는 안성탕면을 추천하나 최근들어 맛이 변하여, 쇠고기면으로 선회함. 계란, 파등 부가적인 재료를 넣지 않음.
몰을 조금 적게 넣으면 스프와 면의 조화가 좋아지고 밥을 말아먹을 때 더 맛있음. [걸신]
규정된 물 양을 지키고 부가재료를 사용하지 않으며, 뚜껑을 덮고 1분 30초 가량 끓이다 집게를 사용하여 헤어드라이어의 열풍으로 면을 말린 후 먹음. 스낵면의 경우 면을 버리고 국물에 밥을 말아먹는것을 추천. [조장훈]
약간의 식초 외에는 부가재료를 넣지 않음. 2젓가락 정도 먹은 후 바로 밥을 말아 먹음. [이종한]
풀무원 백합 조개탕 추천. 라면을 끓일 때 골뱅이의 명가 동표 골뱅이 반캔 가량을 넣어 끓임. [자반고등어]
계란을 풀어 넣은 ""만화방""스타일 라면 추천. [희철베이스]",0
Ep.44,맛집,물레방아,고기구이(안창살),,부산,중,중앙동1가 24-14,051-245-1195,"[펜톨h]
부산 깍뚜기 안창살집 제보였으나 아닌것으로 판정. [걸신]",1
Ep.44,걸신에게 물어봐,평양면옥(의정부),냉면,,경기,의정부,의정부동 385,031-877-2282,찐득해진듯 한 면과 고기 육수 향이 강해짐. 고기 고명 크기가 작아짐. [대뇌분열],1
Ep.44,맛집,남포면옥,냉면,,서울,중,다동 125,02-777-3131,동치미를 연도별로 진열해 놓음.,1
Ep.44,맛집,옥천냉면,냉면,,경기,양평,옥천면 옥천리 760,031-772-9693,[리타],1
Ep.44,걸신에게 물어봐,실로암메밀국수,국수(메밀국수),,강원,양양,강현면 장산리 228,033-671-5547,"여행객을 위한 맛. [걸신]
백김치와 보쌈 추천. [조장훈]",1
Ep.44,걸신에게 물어봐,송월메밀국수,국수(메밀국수),,강원,양양,손양면 송전리 89-2,033-672-3696,"7회에 소개됨.
현지 주민의 입맛. [걸신]",1
Ep.44,걸신에게 물어봐,이만구 교동짬뽕,짬뽕,,강원,강릉,교동 162-163,033-648-4000,"이만구 교동짬뽕의 사장이 교동반점 본점을 다른 사람에게 넘겼으나 지나친 프렌차이즈 확장에 분노하여 맞은편에 다시 짬뽕점을 냈다는 소식이 있음. [햇님이]
확실한 확인은 못함.",1
Ep.44,걸신에게 물어봐,할매팥빙수단팥죽,빙수,,부산,남,용호동 148-2,051-623-9946,"15회에 소개됨.
맛 보다는 옛 추억과 향수를 느낄 수 있는 전통의 맛. [걸신]",1
Ep.44,걸신에게 물어봐,수복빵집,빙수(팥빙수),,경남,진주,평안동 151,055-741-0520,맛 보다는 옛 추억과 향수를 느낄 수 있는 전통의 맛. [이종한],1
Ep.44,걸신에게 물어봐,서울소바,국수(메밀국수),,전북,전주,완산구 중앙동1가 17-1,063-284-3879,"15회에 소개됨.
어릴적 메밀 국수의 맛이 지금도 유지. [조장훈]",1
Ep.44,걸신에게 물어봐,데체코 엑스트라버진,올리브오일,,,,,,"[자반고등어]
반드시 유리병에 든것을 구입. [조장훈]",0
Ep.44,걸신에게 물어봐,옥션,쌀(고시히까리),,,,,,옥션 구입가 55000원 20Kg. 2013년산. 주문이 들어오면 도정을 함. [이종한],0
Ep.44,Soul City,진로집,두루치기,,대전,중,대흥동 314-1,042-226-0914,대전 3대 두루치기.,1
Ep.44,Soul City,서광식당,생선조림(고등어조림),,대전,중,선화로 136,042-257-7375,"특별한 메뉴는 없으나 대전 지역 주민들에게 오랫동안 사랑받아온 마음이 편해지는 분위기. [걸신]
현재는 폐업한것으로 보임. 해당 전화번호가 검정고시 학원으로 등록됨.
http://blog.daum.net/_blog/BlogTypeView.do?blogid=0VETc&articleno=537&categoryId=37&regdt=20130313120000 [맹렬우주한량]",0
Ep.44,Soul City,남선올갱이,국밥(올갱이),,대전,서,탄방동 1152,042-486-1144,아욱과 함께 끓이는 충청도적인 맛.,1
Ep.44,맛집,금평식당,추어탕,,대전,서,흑석동 283-6,042-582-2120,,1
Ep.44,Soul City,영순옥,추어탕,,대전,유성,갑동 391-6,042-823-7872,"인삼이 들어가 인삼향이 살짝 뭍어나는 추어탕.
2015년 4월 현재 폐업한것으로 보임. (다음지도 로드뷰에 간판이 사라짐.)",0
Ep.44,Soul City,영순옥 대흥동점,추어탕,,대전,중,대흥동 508-33,042-253-7872,갑동에 있던 영순옥의 분점인지 이전인지 확인 되지 않음.,1
Ep.44,Soul City,사리원면옥,냉면,,대전,중,대흥동 188-5,042-256-6506,"9회에 소개됨.
대전 냉면 역사에 빼놓을 수 없는 집.
지금은 약간 맛이 약해짐.",1
Ep.44,Soul City,한마음면옥,냉면,,대전,서,도마2동 101-6,042-536-0408,"9회에 소개됨.
사리원면옥의 주방장이 운영.
묵직한 육수가 특징.",1
Ep.44,Soul City,숯골원냉면,냉면,,대전,유성,신성동 136-2,042-861-3287,"닭육수 베이스.
소고기 육수보다 가볍지만 단아한 맛.",1
Ep.44,Soul City,원미면옥,냉면,,대전,동,비룡동 557,042-286-7883,"닭고기 고명과 닭육수.
옟날의 냉면 형태. 현대의 입맛에도 손색 없음.",1
Ep.44,Soul City,판암면옥,냉면,,대전,동,판암2동 498-21,042-284-4850,함흥냉면 스타일의 가늘고 전분 비율이 높은 면이 특징.,1
Ep.44,Soul City,평양숨두부집,순두부,,대전,동,대성동 163-2,042-284-4141,"평안도에서는 간수를 넣고 두부를 띄울 때 숨을 죽인다는 표현을 사용하여 숨두부라 함.
두유와 우유를 섞어 먹는듯한 고소한 맛. [조장훈]",1
Ep.44,Soul City,정식당,닭매운찜,,대전,중,대흥동 216-7,042-257-5055,[이종한],1
Ep.44,Soul City,한영식당,닭매운찜,,대전,중,오류동 149-25,042-533-2644,60년 가랑된 오래된 집. [조장훈],1
Ep.44,Soul City,별난집,두루치기,,대전,동,중동 60-4,042-252-7761,대전 3대 두루치기. 그다지 맵진 않지만 칼칼함. [조장훈],1
Ep.44,Soul City,광천식당,두루치기,,대전,중,선화동 56,042-226-4751,대전 3대 두루치기. [조장훈],1
Ep.44,Soul City,대성바지락손칼국수,칼국수(비빔칼국수),,대전,대덕,신탄진동 157-7,042-931-5522,[조장훈],1
Ep.44,Soul City,공주옛손칼국수식당,칼국수,,대전,대덕,비래동 129-20,042-623-2134,[조장훈],1
Ep.44,Soul City,극동대반점,짬뽕,,대전,중,대흥동 210,042-254-6577,"어릴적 즐겨찾던 곳. [자반고등어]
현재는 폐점한듯 함. [맹렬우주한량]",1
Ep.44,Soul City,명랑식당,육계장(파계장),,대전,동,삼성동 270-17,042-623-5031,파만 넣은 대구식 육계장. [조장훈],1
Ep.44,맛집,영일분식,칼국수(비빔칼국수),,서울,영등포,문래동4가 8-26,02-2636-9817,40~50년 가랑된 집. [조장훈],1
Ep.44,Soul City,만나식당 유성점,샤브샤브,,대전,유성,봉명동 552-9,042-825-2001,"자반고등어 친구분이 운영.
맛은 확신치 않으나 지역주민들이 많이 찾고 중국에 분점이 있음. [자반고등어]",1
Ep.44,음식 인문학,신길동 매운짬뽕,짬뽕,,서울,영등포,신길동 163-5,010-5395-1151,,1
Ep.44,음식 인문학,온누리돈까스,돈까스,,서울,동작,신대방2동 355-23,02-823-8589,,1
Ep.44,음식 인문학,이강순실비집(실비집),낙지볶음,,서울,종로,관철동 11-11,02-756-4107,"6회에 소개됨.
(매워서) 욕이 바가지로 나옴. [자반고등어]
주영하 음식인문학에 박무순 할머니의 일대기가 있음. [조장훈]",1
Ep.44,음식 인문학,미정집,낙지볶음,,,,,,폐업,1
Ep.44,음식 인문학,유정집(유정낙지),낙지볶음,,,,,,폐업,1
Ep.44,음식 인문학,서린낙지,낙지볶음,,서울,종로,종로1가 24 르메이에르 종로타운 2층,02-735-0670,실비집 이전부터 있었으나 실비집의 인기로 낙지 볶음을 함. [조장훈],1
Ep.44,들리는 요리강좌,동남아풍 쌀국수 샐러드,,,,,,,"믹서기로도 가능하지만 되도록 절구를 준비.
재료 : 1인분 기준 생 붉은고추 1개, 깐 마늘 1톨, 종려당 또는 흑설탕 (우리 친구 홈플러스 기준 CJ 1Kg 2180원, 삼양 1Kg 2030원) 1숟가락, 라임 1개 또는 라임즙(레이지 라임, 플라스틱 녹색병, 200ml 홈플러스기준 3150원) 2숟가락, 피쉬소스(스퀴드브렌드 피쉬소스, 오징어그림이 특징, 홈플러스 300ml 3100원) 1숟가락 반을 준비.

고추 씨를 빼고 모두 함께 섞어 절구로 찧어 드레싱을 준비하고, 쌈추(상추 + 배추, 우리 친구 홈플러스에서 미니 쌈추 한 봉지 1500원), 청경채 (1650원), 토마토, 오이, 대파, 양파, 당근을 샐러드용으로 썰어은 후 500원 동전만큼 분량의 버미셀리에 얹어 드래싱을 뿌린다.

추가로 자숙새우 41~50이나 견과류 가루를 넣으면 좋다.
옥션 팜슈거/야자설탕 5000원.
옥션 피쉬소스 2000원.",0
Ep.44,이 집에 가라,양평민물고기매운탕,매운탕,,서울,용산,청파동1가 149-3,02-712-6657,"5회에 소개됨.
수십년간 한결같은 맛을 내는 집.
빠가사리탕을 추천함.",1
Ep.45,맛집,부산오뎅,어묵,,부산,기장,기장읍 대라리 68-9,051-722-0355,,1
Ep.45,맛집,담양죽향도가,막걸리(대대포막걸리-블루레이블),,전남,담양,담양읍 삼다리 78,061-383-2503,"유기농 쌀, 노근, 죽엽, 토종꿀로 담근 술. 저온숙성함.
전화번호로 연락하여 택배 문의 가능.",1
Ep.45,맛집,신평양조장,막걸리(백련막걸리-미스티),,충남,당진,신평면 금천리 350-1,041-362-6080,"연잎 막걸리.
koreansul.co.kr/
홈페이지에서 택배 주문 가능.",1
Ep.45,맛집,예술,막걸리(홍천강탁주),,강원,홍천,내촌면 물걸리 507,033-435-112,"11도로 막걸리로는 쎈편. 남성적인 맛. ""만강에 비친 달"" 후속작. ""만강에 비친 달""은 조금 여석적인편.
www.ye-sul.co.kr/
홈페이지에서 택배 주문 가능.",1
Ep.45,걸신에게 물어봐,구슬함박스테이크,"스테이크(함박스테이크), 스테이크 비빔밥",,서울,마포,상수동 316-12,02-323-6771,"22회에 소개됨.
11월 1일 영등포 타임스퀘어 이전 예정. 걸신 청취자는 음료수 무료. [김용복]",1
Ep.46,퀸 오브 디저트,복양갱,양갱,,,,,010-4852-9101,"걸신이 지금까지 먹어본 양갱들 중 최고 압권으로 평함.
전화번호로 연락하여 유수진 대표님이 직접 만든 수제 양갱을 택배로 받을 수 있음.
팥은 특성상 상하기 쉬워 여름에는 판매하지 않음.
방부제를 사용하지 않고 설탕과 물엿 대신 비정제 사탕수수와 올리고당을 사용.

10개 세트 9000원
20개 세트 18000원
30개 세트 27000원
택배비 3000원 별도 [무야산다]",0
Ep.46,맛집,경북족발,족발(매운족발),,울산,남,신정4동 855-35,052-274-4209,"경북식육식당에서 운영하는 족발점.
전화번호로 연락하여 택배 주문 가능.",1
Ep.46,퀸 오브 디저트,최소영,양갱,,,,,,"양갱의 원조는 일본이 아닌 중국.
羊(양 양)羹(국 갱) 양의 국물이라는 의미.
중국의 음식이 일본으로 건너가며 팥 앙금을 사용하여 만드는 것으로 발전.
양은 신이나 조상에게 바치는 희생의 징표로 크고 잘생긴 것을 사용하는데 여기에서 羊과 大가 합쳐져 아름다울 미(美)가 만들어졌다고 하고 羊을 부수로 하는 한자는 대부분 제사나 맛있는 음식을 나타냄.
羹 또한 羊, 火, 美가 합쳐진 글자.
중국인이 고대에 가장즐겨 먹전 음식이며 회족들의 경우 양의 피를 이용해 끓인 국을 양갱이라고 부르기도 함.
16세기 일본에서 팥 앙금을 이용해 만든 과자가 이 양고기 국과 비슷하고 맛 또한 좋아 이를 양갱이라 부르게 됨.",0
Ep.46,음식과 건강,장지휘,위염(위와 간),,,,,,"소화를 잘 하려면 위도 중요하지만 간도 중요한데 간은 혈이기에 혈이 부족한것이 원인이 되어 위가 약해질 수 있음.
혈을 보하는 약재인 작약은 위를 보호하는 역활도 함 (위염, 위괴양).
위벽을 보호하려면 보혈을 해야하고 여기에는 작약, 당귀, 천궁, 숙지황이 좋은데 여성은 혈이 부족하기 때문에 여성들에게 좋은 약재 이기도 함.
갱년기 증상에도 도움을 주며 간기능이 향상되고 간은 근육을 주관하기 때문에 장의 근육을 이완시켜 소화가 잘되게 함.",0
Ep.46,음식과 건강,장지휘,스트레스성 피부트러블 (위와 폐의열을 내려주는 음식),,,,,,상백피(뽕나무 뿌리 껍질)를 달여 먹으면 도움이 됨.,0
Ep.46,음식과 건강,장지휘,아토피,,,,,,"아토피는 피부 외에도 속을 보습시키는 것이 중요함.
상담자와 같이 소양인의 기질이 강하면 신장이 약한데 산수유 추천하며 한방 처방중에 육미지황탕(숙지황, 산약, 산수유, 백복령, 택사, 목단피)이 있음.
피부약으로는 상백피도 좋음.
음식으로는 해조류(미역, 다시마)와 콩 추천 하며 음주는 금지, 야채위주(오이, 토마토 등)의 싱거운 음식이 도움됨.

[Dae Gyung Gang]
샴푸를 손으로 거품을 내서, 감는 게 두피에 자극이 적음. 

소음인은 속이 찬경우가 많아선 맥주에서 설사. 매실 부추가 양의 기운을 복돋음. 그리고 산초가 들어가진 추어탕이 좋음. 산초의 기름은 중금속 배출에 좋음. 개고기도 좋음. 삼계탕. 장어. 정력과 관계된 음식이 많음. 보양식. 노루 사슴.
특징 속이 차고 소화기능이 약한편임. 지방을 분해하는 효소가 적음. 보통 생강 양파 파가 혈액순환등 신진대사에 좋음.
생활에 따라서 냉열이 달라짐. 상체와 얼굴은 작으나 하체가 튼실함.

태음인은 소고기 녹용 두부 콩 다시마가 좋음. 고구마. 기관지가 약함 그래서 은행 좋음. 밤이 소화능략에 좋음. 그 속껍질을 잘 태워서 먹으면, 생선뼈를 녹일 수 있음. 밤겉은 인삼의 부작용을 내릴 수 있음. 냉과열이 있는데, 보통은 둥글함. 고구마

소양인은 급함. 외모로는 상반신 가슴, 흉곽이 큼.
허리와 골반이 좁음. 하체가 약함. 신장에 좋은 산수유. 얼굴은 v라인 경향. 상체가 크다는 것은 열이 많아서 흥분 잘함. 자체적으로 스트레스가 많음. 눈이 즐거울때 기분이 좋아짐.

소음과 태음인이 병행되긴함. 
소양인들은 눈아 줄거워야 기분이 좋다. 보양식으로 굴이 좋움. 소양인은 찬게 좋음. 맥주 상추. 태양인은 새우 개 등 소양인들과 비슷. 솔잎 오가피가 좋음. 태양인은 얼굴이 큰 편.

어이됐거뉴골고루 먹으나 성향을 거스르는 음식을 믾이 막는 것은 안좋음.

짬뽕은 국물이 열이나 면은 냉함.

소양인 계란 소음인 초란. 흰자는 기 노란자는 혈울 보호함. 
청계천8가 원할머니 보쌈. 꽃게는 간장게장으로 붐이 옴. 간장게장의 본고장은 신선할 수 있는 서산게장. 안흥일품감장게장. 

닭고기도 삶은 백숙이나 삼계탕 좋음. 엵메열이나 내부 재료에 떠라서 다름. 담양 고서면의 고산촌. 커지면 질이 딸어지나 토속집은 그 질을 유지함. 강이남은 영등포 호수삼계탕.",0
Ep.46,음식 인문학,강헌,슬로우 푸드,,,,,,"1910년대 이전 한국인의 평균 키는 160cm가 되지 않음.
200년 전 유럽인의 평균 키 또한 현재보다 30cm정도 작았다고 함.
1980년대 유럽과 미국 성인 남자의 평균 체중은 73kg, 여자 62kg정도였으나 2000년대에는 각각 81.6kg, 68.8kg에 이를 만큼 폭발적으로 증가.
이런 증가세에 가장 크게 기여하는 것은 역설적으로 다이어트에 의한 요요증상이라고 함.
다른 얘기로 패스트 푸드를 대체하기 위해 벌이는 슬로우 푸드 운동에 투입되는 마케팅 비용은 200만 달러가 되지 않으나 맥도널드의 광고비는 연 10억 달러, 코카콜라는 연 8억 달러를 들이고 있어 상대적으로 인지도가 낮을 수 밖에 없음.
전세계 맥도널드 햄버거의 편균 가격은 2.75 달러이나 동일한 수준의 버거를 직접 만든다고 했을 때 7달러 이상 든다고 하는데 이는 기업에 대한 국가적인 지원이 있기에 가능한 일이기에 국가적 지원을 받는 기업을 지역 음식점이 이겨낼 수 없는 상황이 되어 전통적인 지역 음식점들이 쇠퇴하게 됨.
위경련 식중독 위염등 소화기 계통질병이 맥도덜드의 매출 실적과 비례한다는 연구보고가 있음.
전세계가 맥도널드를 이용 하려면 지구가 3개가 더 필요한 상황이나 이는 불가능하기 때문에 국가간의 식량의 불균형을 초래하여 심각한 기아를 초래함.
이런 음식문화에 의해 전세계는 매년 3200억 달러의 사회적 비용을 지출하고 있는데 이는 패스트 푸드점의 전체 매출의 두배 이상임.
이 문제를 해결하기 위한 근본적인 해결책은 자신의 동네의 식당을 이용하는 것이고 이는 대기업의 약탈적 이윤 추구에 대항하여 지역사회의 발전을 이루는 기틀이 됨.",0
S02E01,이달의 신상,피코크 한우 도가니탕,도가니탕,,,,,,"R.T.C.(Ready To Cook) 제품.
이마트 자체 브렌드 피코크에서 생산.
1팩 2인분 6700원.
도가니 외에는 첨가물이 들어있지 않음.
육수가 매우 진하고 건더기의 양이 매우 많음.
같은 회사의 양지 육수 추천. 호주산 사용.",0
S02E01,Soul City,,,,경남,통영,,,"한국의 나폴리라 불리우며 경상권에서 전국적으로 가장 사랑 받는 지역.
""강구안 파래야, 대구, 복장어 쌈아, 날씨 맑고 물 좋은 너를 두고 정승 길이 웬 말이야""
이름이 알려지지 않은 조선시대 통영 수군 통제사가 정승으로 승진하여 서울로 되돌아 가며 남긴 말.
강구안 : 통영의 포구 이름.
복장어 : 복어 (졸복으로 추측됨.)
대구 : 통영의 대표 겨울 음식.
물산이 풍부함.
통영은 우리나라 지역 중 맑은 날씨가 가장 많은 지역.
통영 앞바다는 126개의 섬이 있음.
남해의 아름다운 바다를 표현하는 '한려수도'라는 말은 통영의 '한'산도와 '여'수의 앞글자에서 따온 말.
이런 환경적 우월함으로 지역 자부심이 강해 통영사람으로 자칭함.
이 지역 출신 예술인으로 '깃발'의 유치환 유치진 형제, 작곡가 윤희상, 소설가 박경리, 시조 김상옥, 시인 김춘수, 전혁림을 비롯한 수 많은 화가가 있음.
통영은 수군 '통'제'령'에서 기원함.
대한제국시기 까지 고성군 두령포라는 작은 포구로 1955년에 들어서 충무시로 불리였으나 현재는 다시 통영으로 불리움.
기원이 군사시설이기 때문에 각 부문의 전문가 집단을 구성원으로 하여 자개장 등의 특산품이 다양함.
구성원이 다양한 지역에서 모여 음식문화가 독자적이고 창의적으로 발달함.
이순신 장군과 관련된 지역명이 많음.
일억명의 왜군의 목을 베었다 하여 두억리.
왜군이 후퇴하며 퇴로를 물었다 하여 문어포.
갑옷을 잠시 벗고 쉬었다 하여 해갑도. 등.
굴 - 70년대까지도 국내 점유율이 20%정도였지만 현재는 60%정도.
졸복 해장문화가 발달해 너무 흔한 굴 국밥은 발달하지 않음.
충무김밥 - 기원이 시장통 노동자들이 대충 끼니를 때우던 음식이라는 인식이 있어 지역민들은 지역 대표 음식으로 꼽으려 하지 않음.
꿀빵 - 처음에 노점 운영하던 주인이 상표명을 만들며 옆에 있던 세탁소인 우미사를 상표명으로 정했다고 함.
대구 요리 - 통영을 대표하는 음식. 그 중 대구 아가미, 대구 알로 만든 젓깔을 최고로 침.
겨울 해풍에 말려 반건조된 대구를 초장에 찍어먹을수 있게 대접하는 것을 최고로 침.
통영 비빔밥 - 전주, 진주비빔밥에 버금감.
방풍 나물과 톳 나물이 반드시 들어가야며 육회를 얹고 곁들여 나오는 바지락이나 홍합으로 끓인 두부탕국를 약간 부어 넣음.
손이 너무 많이가고 외지 사람에게 익숙치 않아 대중화되지는 못함.
다양한 해산물로 통영은 술꾼의 도시라 불리울만함.
그 중 무수히 많은 닷찌집은 술값만 내면 안주는 무상으로 제공함.
전주 막걸리 골목, 마산의 통술집과 유사한 형태.
특정 메뉴 없이 제철 해산물을 사용한 안주가 나옴.
요즘은 인당 3만원 가량 내면 소주 3병 또는 맥주 5병 정도에 안주 나오고 술을 더 마시기 위해 1만원 가량의 추기 비용을 지불하면 추가 안주가 나오식으로 바뀌어 술을 많이 마시지 않는 경우 크게 메리트가 없음.
울산 닷찌집, 쉼터 실비집 등이 대표적으로 강변 실비집이 최근 유망한데, 죽으로 시작하여 제철 해조류와 생 갈치 구이, 뽈락 구이 등 구이류가 뛰어남.
그 외 그때 그때 회무침, 바닷가재 회가 나옴.
역시 추가가 계속될 수록 안주의 질이 좋아짐.
가성비가 좋은곳으로는 군산의 대전집이 있는데 통영은 아니지만 옛날 닷찌집의 가격과 시스템이 유지되고 있음. (역시 추가 비용이 필요하지만 보다 저렴함.)",0
S02E01,Soul City,통영비빔밥,비빔밥,,경남,통영,도남동 562-1,055-642-1467,"서호동에서 이전한 것으로 보임.
http://egloos.zum.com/sogang89/v/3280368",1
S02E01,Soul City,울산다찌,주점,,경남,통영,봉평동 447,055-645-1350,,1
S02E01,Soul City,쉼터실비,주점,,경남,통영,광도면 죽림리 1580-36,055-648-8801,,1
S02E01,Soul City,대전집,주점,,전북,군산,명산동 18-23,063-446-1315,"생선구이 전문.
잔치국수가 푸짐하고 맛이 좋음.",1
S02E01,Soul City,가마솥시락국집,시락국,,경남,통영,서호동 177-408,055-646-8843,,1
S02E01,Soul City,만성복집,졸복지리탕,,경남,통영,서호동 177-65,055-645-2140,,1
S02E01,Soul City,한산섬식당,뽈락구이,,경남,통영,산양읍 정량동 1374-10,055-642-8021,"우럭과 비슷한 종으로 구이를 할때 특유의 풍미가 좋음.
37회에 소개됨.",1
S02E01,Soul City,어촌싱싱해물탕,해물탕,,경남,통영,도천동 1003번지 동원나폴리빌 상가 116호,055-646-1982,"착한식당으로도 소개됨.
100% 국내산 사용.
자극적이지 않고 심심한편.",1
S02E01,Soul City,통영박여사해물탕,해물탕,,경남,통영,무전동 851-1,055-641-5532,자극적인 맛이 강함.,1
S02E01,Soul City,통영해물탕,해물탕,,대전,서,월평동 493,042-489-8558,이전인지 분점인지 확인되지 않음.,1
S02E01,Soul City,분소식당,도다리쑥국,,경남,통영,서호동 177-337,055-644-0495,"쑥이 억세지면 판매를 중단함.
25회에 소개됨.
그 외 삼화횟집 등이 있음.",1
S02E01,맛집,뚱보할매김밥집,충무김밥,,경남,통영,중앙동 129-3,055-645-2619,,1
S02E01,맛집,강변실비,주점,,경남,통영,정량동 1158-58,055-641-3225,,1
S02E01,맛집,오미사꿀빵,꿀빵,,경남,통영,항남동 270-21,055-645-3230,,1
S02E01,이 집에 가라,쿠자쿠,일본라면,,서울,마포,서교동 334-6,02-326-0082,스테이크 수준의 차슈가 뛰어남. [박근홍],1
S02E01,이 집에 가라,생태와,생태찌게,,서울,강남,역삼1동 839-1,02-501-1048,생태 한 마리가 통으로 들어있음. [자반고등어],1
S02E01,이 집에 가라,타이쇼,붕어빵,,서울,강남,신사동 576-6 다솔빌딩 앞,,"크로와상을 붕어빵 형태로 만들어 커스타드, 크림, 초코, 팥 등의 속을 넣음. [자반고등어]",1
S02E01,이 집에 가라,윤씨네,해물찜(섞어찜),,서울,관악,신림동 1431-17,02-882-7722,"25년여간 한 자리에서 꾸준히 맛을 유지하고 있는 통영'급' 해물찜.
조미료가 과하지 않고 다양한 해산물이 골고루 섞여 있으며 콩나물의 식감이 좋음.
여러 해물찜 중 섞어찜 추천. [강헌]",1
S02E02,걸신 초대석,,닭,,,,,,"앙리 4세.
루이 14세로 대표되는 부르봉 왕조의 시조.
16세기~17세기 초반 집권.
르네상스 이후 종교 개혁으로 인해 혼잡한 시기.
흑사병/페스트와 위그노 전쟁 등으로 피폐해진 서민들의 삶을 목격.
유럽의 목축업이 발달한 것은 18세기 무렵으로 그 이전에는 육식이 매우 어려운 일이었음.
이런 서민들을 대상으로 일주일에 한번이라도 육식을 장려하기 위해 꼬꼬뱅등의 닭 요리 레시피를 발전 시킴.
프랑스 상징인 수닭 무늬의 시작.
앙리 4세는 신교도로 다수를 차지한 구교도 기등권층으로 인해 힘든 집권 기간을 보냄.
낭트 칙령을 발표하여 신교 구교를 모두 인정했지만 이후 루이 14세가 이를 폐지하여 박해받게 된 신교도들이 대거 독일, 네덜란드 지역으로 이동하거나 미국으로 이주함.",0
S02E02,걸신 초대석,정은정,닭,,,,,,"""대한민국 치킨전 : 백숙에서 치킨으로 한국을 지배한 닭 이야기""의 저자.
(http://www.yes24.com/24/Goods/13776013?Acode=101)
사회학 서적으로는 매우 드물게 3쇄 판매 중.
고등학생 기준 2시간 가량이면 읽을 수 있도록 쉽게 쓰임.
참고문헌 각주 없이 대중서로 쓰기 위해 노력.
영양센터 - 우리나라의 백숙 시대를 끝내고 프라이드 치킨의 전환을 이룸.
백숙은 여름에 먹는 음식이 아닌 사료대비 계란의 생산력이 떨어질 때 먹던 음식.
기름과 당은 중독 상태와 유사하기 때문에 프라이드 치킨에 먼저 맛을 들이면 백숙을 꺼려하는 것은 당연한 일임.
1700년대 미국 역시 닭이 귀해 남기질 않았기 때문에 먹고 남은 부위를 흑인 노예들에게 주면서 소울 푸드가 됐다는 설은 허구로 보임.
다만 당시 흑인 노예들에게 닭의 사육이 허락되어 있어 명절 등의 특별한 날에만 먹을 수 있던 것을 KFC 창업주인 커널 샌더스가 흑인풍의 남부식 음식으로 홍보한 것이 다양한 흑인 음식 중 산업화에 성공하며 홍보 등을 통해 이야기가 와전되어 전해짐.
유일하게 아버지와 연관된 소울 푸드.
1963년 카길, 퓨리나, 미쓰이 물산 등의 복합사료가 차관 형태로 우리나라에 들어오며 양계 산업이 축산업 중 가장 먼저 시작됨.
처음에는 식용류가 대중화 되지 않아 전기구이 통닭이 먼저 만들어지고 이후 식용류가 대중화 되면서 이때 부터 시장 통닭(닭전)이 발달함.
비오는 날 전을 부쳐 먹는 문화 역시 이때 부터 대중화 됨.
이후 80년대 물엿의 등장으로 양념 치킨이 시작되었으며, 이 당시부터 냉장시설과 두산그룹과 조선맥주가 생맥주 사업이 주력하여 맥주도 대중화되면서 치킨의 느끼함을 잡아주는 음료로 본격적인 치맥 문화가 발달함.
치킨 관련 업체는 대략 249개의 브랜드가 성업중으로 1위는 BBQ (매장 수), 2위 교촌 치킨, 3위 네네 치킨 (소비자 선호도 급 상승 중), 10위권 내에 유일한 오븐식 치킨인 굽네 치킨이 5~6위를 차지 하고 있으며, 페리카나, 멕시카나 등이 상위권을 형성함.
의외로 KFC는 20위권에 위치하는데, 배달되지 않고 맥주를 취급하지 않기 때문으로 분석됨. 
초기에는 맥주를 취급했으나 청소년 알바를 사용하기 위해 맥주를 포기한 것이 결정적. 
또한, 초창기에는 유일한 크리스피 치킨으로 경쟁력이 있었으나 타 업체에서도 크리스피 치킨을 취급하면서 선호도에서 밀리게 됨. 
두산 소유에서 작년(2014년?)에 천억 원이라는 굴욕적인 가격에 매각됨.
퇴직자들의 창업 1순위로 꼽히는 이면에는 실제 희망 순위로는 1위를 차지하는 카페의 경우 인테리어비용이 많이 들고 회전력이 떨어지고, 2위인 고깃집의 경우 회전력과 마진이 좋지만 인테리어 비용이 만만치 않고 요리 실력에 자신이 없어 프렌차이즈로 발을 돌릴 수 밖에 없음.
모든 재료와 조리법을 공급받아 창업이 쉬운 반면 모든 물류비와 가맹비 등으로 본사가 이득을 보는 구조.
최근에는 치킨 이외에도 햄버거나 피자 등의 배달 서비스가 늘면서 이들과도 경쟁 해야 하는 상황에 놓임.
이 중 하림, B모, 맥X시카가 가맹점에 가장 폭압적이라고 함.
닭 한마리를 4000~5000원에 공급 받고 한 마리당 식용류 원가가 1000원 가량, 양념소스, 포장지 (치킨박스 400원 정도), 배달 비용 그리고 부동산 임대비를 제하면 15000~20000원의 가격에서 실질 이윤은 2000원 가량밖에 남지 않음.
양계 - 계란 생산.
육계 - 닭 생산.
양계 농업은 1위 하림 2위 마니커 3위 체리브로 목우촌 등으로 이미 기업화되어 각 기업 소속의 위약 농가가 됨.
이 기업들이 사료, 오리, 동물 약품 등의 계열사를 가지고 있으며, 미국 양계업체를 인수하고 STX 입찰에 뛰어드는 등 재벌화 됨.
양계 농가가 이들 기업에 납품 후 이윤은 마리당 380~400원 가량으로 열악함.
마진을 내기 위해 한 농가에서 12만 마리를 연 7회정도 납품.
전세계적으로 가장 금기에 걸리지 않는 동물로 소비량은 더 늘어날 것으로 업계는 예측함.
치킨업계는 수직 계열화 구조가 완성되어 지역 노포가 없는 상황에서 최소한의 예의를 지키며 단골을 애용할 길을 찾고자 함.
요즈음은 개인점포 사장님들간의 커뮤니티가 형성되어 맛에 대한 각종 세미나와 연구 교류가 이루어 지고 있으며 협동조합이 만들어져 있음. (쿱스치킨)
백숙을 끓이기 좋은 토종닭으론 구엄닭, 청미닭 추천.",0
S02E02,걸신 초대석,바니양념치킨,치킨,,서울,동대문,휘경동 34-57,02-2212-0033,"한때 양념치킨 5대천황으로 군림하던 프렌차이즈였지만 지금은 망함.
망한 프렌차이즈인 관계로 재료가 공급 되지 않아 직접 구입한 생닭과 직접 만든 양념을 사용하여 프렌차이즈와 달리 매우 신선함.",1
S02E02,이 집에 가라,할매묵밥,묵밥,,충북,옥천,옥천읍 문정리 2-2,043-732-1853,[정은정],1
S02E02,이 집에 가라,옥천묵집,묵밥,,충북,옥천,옥천읍 하계리 24-1,043-732-7947,[정은정],1
S02E02,맛집,쿱스치킨 방화점,치킨,,서울,강서,방화동 246-12,02-2064-8704,,1
S02E02,맛집,궁중 삼계탕,삼계탕,,서울,동작,신대방동 395-66,02-834-8922,,1
S02E02,맛집,영양센터 본점,치킨,,서울,중,충무로1가 25-32,02-776-2015,,1
S02E03,걸신 배틀,찍먹,탕수육,,,,,,"1. 부먹은 탕수육의 본질에 위배 - 바삭한 튀김 옷과 고기의 조화를 무너트림.
중국음식의 찐득함에 대한 거부감.
3. 현실적으로 정성들여 루와 튀김에 집중하는 잘 만들어진 탕수육을 접하기 어려움.
5. 탕수육은 혼자 먹는 음식이기 때문에 개인에 따라 ""적당량""의 기준이 다름.
7. 바삭함의 정도는 루를 찍는 순간 완벽한 바삭함은 사라질지 모르겠지만 그렇다고 눅눅함은 아님.
- 기타의견 : 부먹파 중에는 루를 반만 덮히도록 부어 바삭함과 루의 조화를 느끼려는 경우도 있음.",0
S02E03,걸신 배틀,부먹,탕수육,,,,,,"2. 모든 튀김은 양념(간장)등을 찍어 먹지만 탕수육의 양념인 루역시 요리의 일부이기 때문에 다양한 조리법과 맛을 가진 루가 잘 베어들어야 탕수육의 본연의 맛을 즐길 수 있음.
잘 요리된 탕수육은 루를 부어도 눅눅해지지 않음.
탕수육의 생명은 튀김과 루의 절묘한 조화.
4. 적절한 전분으로 점도를 유지하여 채소의 맛을 끌어낸 루를 적당량 뿌려 과하게 스며들기 전에 루의 풍미와 튀김이 고소함이 어우려져야 함.
6. 튀김을 부어서 먹는것과 찍어서 먹는것은 루가 뭍어있는것은 같음. 튀김의 바삭함을 주장하려면 튀김을 먼저 먹고, 루를 숟가락으로 떠 먹어야 함.",0
S02E03,걸신 배틀,기타,탕수육,,,,,,"배달 탕수육과 현장 탕수육은 차이가 있음.
루를 부어서 오면 배달 중 튀김이 풀어지거나 양이 많은 경우 보관을 위해 루와 튀김이 분리되어 배달됨.
70년대 중반까지 중국집에 탕수육과 덴뿌라가 존재하여 덴뿌라는 루 없이 간장에 찍어 먹었음.
근본적으로 탕수육은 웍으로 튀김과 루를 함께 볶아 살짝 덧씌워진 형태로 3~4시간 보관 해도 바삭함이 유지 됨.
과거에는 차이나 인 박스(외국 영화에 나오는 중국음식 포장박스)에 이 방식으로 만든 탕수육을 포장하여 야외에서 먹기도 했음.",0
S02E03,걸신 배틀,차회 예고,국수,,,,,,"긴 시간 서민들의 주식이자 부식의 자리를 차지하고 우리나라는 면 소비 1위 국가.
쫄면, 냉면, 짜장면 대비 만들기 쉽고 마트의 면 코너가 나날이 확장 중임.
멸치 육수를 베이스로 간장양념과 호박, 계란 지단 고명의 잔치국수 VS. 새콤, 달콤, 매콤한 맛과 열무, 갓김치의 콜라보 비빔국수!",0
S02E03,음식 인문학,,버터,,,,,,"심야식당에 나오는 버터 간장 밥과 같이 현재 60대 이전 세대에게도 친숙한 식재료.
대부분의 서양(프랑스) 요리의 기본이 버터로 서양 요리가 느끼하다고 느끼는 이유가 버터의 유지방에 기인함.
로마시대에는 플리니우스라는 인물이 버터를 야만인의 음식이라 하는 기록이 있을 정도로 버터를 경시하며 올리브유를 주로 사용함.
버터의 끈적하고 무거운 느낌이 세련되지 못하다고 생각함.
중앙 아시아의 유목민들로 부터 기인한 부분도 영향을 줌.
유목민들이 자루에 우유를 담아 말을 타고 다니게 되면 자연적으로 버터가 만들어지는데 실제로 마트에서 생크림을 구입하여 우유를 약간 섞어 계속 흔들면 희끄무레한 액체와 고체로 불리되는데 이들을 깨끗한 면포에 받아 액체를 짜내고 남은 고체가 버터임.
기원전 2~3000년 전 부터 이들 유목민의 문화가 수메르/이집트에 널리 퍼져 있었으며 로마를 중심으로하는 서유럽지역과 달리 북유럽과 동유럽에도 이들이 전해져 널리 사용되었음.
그 이전에는 후추등의 향신료를 기반으로 한 자극적인 미각이 18세기 부터 달고 순하며 부드러운 버터중심의 식감으로 유럽을 지배.
이런 미각의 변화 원인은 요리 기법의 발전으로 다양한 맛과 향을 추구하기 위해서는 기본이 되는 맛이 자극적인것 보다 유리하기 때문인 것으로 보임.
프랑스 요리에 대중적으로 쓰이게 된 시기는 18세기경 북유럽인의 남하로 스칸디나비아에 인접한 노르망디 지역에 가장 먼저 전해짐.
이 시기 노르망디를 시작으로 네덜란드/벨기에/스위스를 중심으로 목축 지역이 넓어지며 다양한 유제품이 만들어짐.
14세기까지는의 버터 사용율은 1~2%에 지나지 않았으나 16~18세기부터 폭넓게 사용됨.
또한 종교개혁시기에 구교의 금식/금육 관습으로 교황청이 버터를 먹는 지역을 핍박하며 면죄부를 파는 것이 반감을 얻어 신교 확산되는데 영향을 줌.
우리나라에는 이미 고려시대 부터 달단족(타르타르인)에 의해 전해져 수유치라는 이름으로 불리우며 타락죽이 만드는데 사용됨.
고려시대 왕과 귀족들만 먹을 수 있는 귀한 음식으로 취급되어 직접 떠먹는 방식으로 어의에 의해 약으로도 사용되며 귀한 하사품중 하나였음.
이들 달단족이 목축 관련업에 종사하며 이후 백정까지 이어졌다고 보며 버터를 진상하는 댓가로 군역을 면제받음.
조선 3대 임금인 태종이 달단족이 아닌 일반인이 이 군역 면제 제도를 악용하면서 수유치 마을을 폐지하며 명맥이 끊김.
삼국지에 조조가 동북방의 오랑케로 부터 치즈를 진상받아 하루 한 숟가락씩 먹던것을 책사인 양수가 모두 한 입씩 맛보게 했다 밉보여 한중전투에서 살해됐다는 기록이 고우영판 삼국지에 있음.
요리전문 잡지에서 선정된 유명한 쉐프가 되는법 1위에 버터를 많이 쓰라는 조언이 선정됨.
가자미의 가시를 발라 소금과 후추로 간을하여 잠시 숙성시킨 것을 녹인 버터에 튀기다시피 구우면 맛있으며 지난 방송에 언급된 아구 꼬리부위의 생 살에을 대신 할 수 있으며 와인을 섞은 그레비 소스를 얹으면 훌륭한 요리가 됨.
우리나라식으로는 전복 버터구이가 있음.
비록 보관성이 우유에 비해 좋지만 태생적인 한계로 산화되기 때문에 유통기한에 유의해야 함.
와인을 마실때 버터를 이용한 안주를 만들면 잘 어울림.",0
S02E03,음식 인문학,진도집,키조개 베이컨 구이,,서울,중,회현동1가 195-4,02-753-6988,키조개 관자와 베이컨을 썰어 버터에 구워 호일에 담아 냄.,1
S02E03,이 집에 가라,호수그릴,스테이크,,부산,부산진,부전동 398-4,051-809-7806,"부산에서 스테이크 전문점 중 가장 처음 만들어짐.
17년 전 즈음 처음 방문해 자리와 맛이 유지되고 있음.
비프 스테이크와 햄버그 스테이크 전문.
햄버그 스테이크는 풍미가 좋은 데미그라 소스와 반숙 계란프라이가 함께 나옴.
비프스테이크는 주변을 베이컨으로 둘러서 나오고 고기도 두툼하며 부드러움.
에피타이저인 버터의 풍미가 듬뿍 담긴 크림스프도 추천.
- 해당 상호명 검색이 되지 않음. 동일한 전화번호와 주소로는 고구려가 검색됨. 2010년 이전에 폐업 했다고 함. -",0
S02E03,이 집에 가라,스테이크 요리법,스테이크,,,,,,"프라이팬에 올리브유를 적당히 두른 후 한 면당 1분 30초씩 구울 때, 버터를 한스푼씩 녹여 끼얹으며 구우면 풍미가 살아남. [자반고등어]",0
S02E04,인트로,마크 트웨인,,,,,,,"당신의 인생에서 가장 중요한 두 날 중의 하나는 당신이 태어난 날이고 나머지 하나는 당신이 왜 태어났는지 알게 되는 날.
지금으로부터 20년 뒤 당신이 했던 일보다 하지 않은 일 때문에 더 실망할 것이다. 그러니 밧줄을 풀고 안전한 항구를 떠나라. 탐험하라. 꿈꾸라. 발견하라.",0
S02E04,걸신에게 물어봐,우리옥 (찌게와국사이),백반,,인천,강화,강화읍 신문리 184-1,032-932-2427,"국은 국이 중심. 찌게는 건더기가 중심.
전라도 지방의 경우 국은 보조적인 개념으로 적은양으로 곁들여지는 수준이며 뜨겁지 않아 가볍게 목을 축이는 용도로 먹는다.
이전에는 골목길 사이에 자리잡은 집이었으나 현재는 대로의 현대식 건물로 이전함.
가마솥에서 지은 밥맛이 뛰어나며 설탕을 뿌린 누룽지도 맛있음.
10가지 가량의 반찬이 나오며 그중 순무 김치가 맛있고 반찬의 종류는 그때 그때 달라지나 조미료를 쓰지 않음.
찌게를 선택할 수 있으며 오래전 집밥의 향수를 느낄 수 있음.",1
S02E04,걸신에게 물어봐,서일순대국 (cakecook),,,서울,동작,신대방2동 377-1,02-821-3468,이전에 소개됨.,1
S02E04,걸신에게 물어봐,태국 (스파이켓),쌀국수/수키,,,,,,"태국 시장통의 태국식 쌀 국수.
생선으로 낸 육수에 머리카락 굵기의 쌀면을 사용.
태국 땡초와 태국식 생선 간장으로 간을 해 뜨겁고 화끈한 맛.
25년 전 가격으로 300원 가량.
수키(Suki) - 태국식 샤브샤브.
야채, 두부, 생선살로 만든 완자(피쉬볼)을 넣어 만듦.
우리 입맛에 잘 맞음.",0
S02E04,걸신에게 물어봐,포항 (잠일세),과메기/물회/고래,,경북,포항,북구 죽도동 2-3,054-247-3776,"지역성이 매우 강함에도 의외로 전국화된 음식.
죽도시장 - 고래고기의 집산지.",1
S02E04,걸신에게 물어봐,전주 (고양이밥셔틀),,,,,,,"현대옥 - 남문시장 콩나물 해장국.
주인 할머니가 은퇴 하시고 외지인이 인수하여 체인화 함.
체인점은 추천하지 못하나 본점은 아직 맛이 유지 되는 편.
이연국수 - 멸치 국수.
전주의 맛의 집념을 느낄 수 있는 집.
성미당 - 비빔밥.
한옥마을, 영화의 거리 인근의 허름한 주점들.
콩나물국밥 - 삼백파와 남문시장파로 갈림.
전통적인 형태의 삼백집의 국밥과 이후 시장통에서 발달한 시장파로 나눌 수 있음.",0
S02E04,걸신에게 물어봐,금암순대집,,,전북,전주,덕진구 금암1동 720-33,063-272-1394,타지인도 받아들일 수 있을만한 암뽕 순대.,1
S02E04,걸신에게 물어봐,나무라듸오,,,전북,전주,완산구 고사동 392-4,063-232-7007,훌륭한 품질의 커피를 판매.,1
S02E04,걸신에게 물어봐,호남닭집,,,서울,관악,봉천동 502-4,02-878-0436,파닭 + 간장치킨 + 닭강정 스타일.,1
S02E04,걸신에게 물어봐,털보닭집,,,서울,관악,봉천2동 492-7 5동 31/4,02-882-1976,파닭 + 간장치킨 + 닭강정 스타일.,1
S02E04,음식 음악,뮤지션의 공연 전 음식,,,,,,,"들국화의 전인권 조차 공연 전 무대 뒤에서는 매우 긴장할 정도로 뮤지션들이 공연전에 긴장감과 징크스를 가짐.
프랭크 시나트라의 경우 공연 전에 앱솔루트, 잭다니엘, 시바스 리갈, 쿠브로제(꼬냑), 비피터 진, 화이트 와인, 레드와인에 24마리의 대하, Life Savers 사탕, 감기약이 준비 되야 함.
레이디 가가는 얼음위에 리코타 치즈 등의 치즈를 얹어 먹음.
머라이어 케리는 크리스탈 샴페인에 빨대를 꼿아 무대에 오름.
나인 인치 네일스는 옥수수 전분 두 봉지를 준비.
뉴키즈 온더 블럭은 하겐다즈 아이스 크림과 오레오 쿠키.
빌리 아이돌은 I Can’t Believe It’s Not Butter! 마가린 큰컵과 초코칩 쿠기를 준비.
엑슬 로즈는 돈페리뇽과 원더브레드 식빵을 준비하며 공연중에도 자주 마심.
프린스는 커피, 차(홍차), 꿀, 설탕, 생강, 비타민 B12 (주사용).
리하나 완숙 계란, 칠면조 베이컨, 소세지를 준비.
브리트니 스피어스 피시 앤 칩스, 맥도널드 치즈버거에 패티와 치즈만, 푸룬, 무화가 100개를 준비. 다이아나 왕세비 사진이 필요.
말릴린 맨슨 구미 베어 젤리.
비욘세 육즙이 가득한 통닭, 펩시.
우리나라 인디밴드는 주로 뒷풀이로 해결하는 편.",0
S02E04,음식 음악,대청마루,불백/김치찌게,,서울,마포,서교동 446-60,02-333-6101,"인디밴드들이 공연 후 애용.
24시간 영업.",1
S02E04,걸신 차트,,짬뽕,,,,,,"재료에 대한 의심으로 터부시 되던 음식.
짜장을 주력으로 하는 중식이  외식 시장과 배달 시장의 발달로 희소성과 선호도가 떨어지면서 대체재로서 성인을 타겟으로 하는 짬뽕에 눈을 돌려 육수와 재료의 고급화를 이룸.
일본의 라면과 같이 단품 전문화에 집중함으로써 전통적인 한국인의 미각에 걸맞게 재탄생됨.
이 와중에 전국의 숨겨진 지역 명가들이 재조명 되고 재평가 됨.
또한 납득할수 있는 가격과 양과 질의 만족감 그리고 식사를 비롯한 술안주, 해장 등 다양한 자리에 잘 어울리는 것도 대중화에 기여함.
짬뽕의 명가는 모두 서울을 제외한 지역 중소도시에 있으며 의외로 내륙 지역에 위치함.
일본 라면과 마찬가지로 초기 주류였던 쇼유 라면이 하카다 지역을 기반으로한 동코츠가 전지역으로 전파되면서 현재는 동코츠가 주류가 된것 같이 신흥 짬뽕집은 대부분 고기육수를 사용하는 무겁고 진하며 두터운 맛을 공통적으로 가짐.
불맛은 중국 음식의 기본으로 매우 강한 불로 짧은 순간에 익혀 야채의 깊이와 풍미를 지키는것이 기본.",0
S02E04,걸신 차트,송화원,짬뽕,13위,서울,용산,한남동 743-32,02-794-8522,"50년 이상의 역사를 가져 짬뽕 붐이 일기 이전부터 매니아를 거느리고 있음.
전통적인 가벼운 형태의 맛으로 품위있고 맑고 개운한 맛.
채소의 불맛과 해산물의과 국물의 조화가 좋음.
(폐업. 업체명으로 검색되지 않음. 주소에는 DIOMM이라는 업체로 바뀜.)",0
S02E04,맛집,대한각,짬뽕,,서울,용산,이태원동 34-151,02-798-9990,,1
S02E04,걸신 차트,장성반점,짬뽕,12위,경북,김천,성내동 193,054-434-2186,"불맛으로 유명함.
송화원에 비하면 묵직하지만 다른 전문점 보다는 가벼움.
배추가 들어가 자연스러운 단맛과 시원한 맛이 남.
면이 부드러운편으로 국물과의 조화가 뛰어남.
5000원.",1
S02E04,걸신 차트,단골식당,짬뽕,11위,충북,충주,주덕읍 신양리 266-8,043-846-4175,"원 점포에서 길 건너편에 증축.
소박하고 투박하지만 해산물과 돼지고기등의 재료를 푸짐하게 사용해 노포스러운 깊은 맛으로 인근 일대를 호령해온 집.
11회에 소개됨.
11:30~19:30.
일요일 휴무.",1
S02E04,걸신 차트,영빈루,짬뽕,10위,경기,평택,신장동 212-10,031-666-2258,"설명이 필요 없는 짬뽕계의 레전드.
홍대 분점이 있음.
짬뽕을 먹기위해 특정 지역을 가게된 최초의 집.
영빈루 스타일이 전국적으로 대중화 되면서 희소성이 떨어지는 면이 있음.
너무 많은 방문객으로 인해 QC가 불안한 면이 있음.
가성비가 뛰어남.
4000원.",1
S02E04,맛집,초마,짬뽕,,서울,마포,서교동 361-10 2층,070-7661-8963,,1
S02E04,걸신 차트,임성반점,고추짬뽕,9위,제주,제주,용담2동 622-1,064-711-3322,"짬뽕이 폄하받던 시기에도 인지도가 있던 지역으로 사면이 바다에 인접하여 신선한 해산물의 조달이 쉽고 자극적이고 공격적인 맛이 지역색에 맞아 전 지역에 걸쳐 훌륭한 짬뽕집이 많지만 이 집을 추천함.
제주 도민들의 절대적인 지지를 받음.
8500원.",1
S02E04,걸신 차트,용화반점,짬뽕,8위,인천,중,경동 4-10,032-773-5970,"찬반이 극을 달림.
강한 중독성과 불맛이 특징이만 재료의 탄 부분이 많아 이에 대한 불만 역시 많음.
차이나타운이 아닌 일반 주택가에 있음.
볶음밥도 유명함.
5000원.
월요일 휴무, 3시까지 영업.
41회에 소개됨.",1
S02E04,걸신 차트,지린성,고추짬뽕,7위,전북,군산,미원동 87,063-467-2905,"도시 내에만 5대짬뽕이 있을만큼 짬뽕의 도시.
일반 짬뽕은 먹을만 하지만 고추 짬뽕은 순수하게 고통스러운 맛.
고추 짜장도 추천.
면이 가늘고 미끄러운편이라 국물과의 위화감이 있음.
짬뽕의 매운맛을 순도 높게 개성화 한것에 점수를 줌.
특이하게 스테인레스 그릇을 사용.
11회에 소개됨.
7500원.",1
S02E04,맛집,수송반점,짬뽕,,전북,군산,서흥남동 426-8,063-463-5445,,1
S02E04,맛집,쌍용반점,짬뽕,,전북,군산,금동 3-4,063-443-1259,,1
S02E04,걸신 차트,교동반점,짬뽕,6위,강원,강릉,교동 162-126,033-646-3833,"군산과 달리 재료가 허름한 느낌.
짬뽕의 기본인 돼지고기 베이스의 묵직한 육수와 해물의 조화가 좋고 면과 국물의 조화가 뛰어남.
후추를 개성적으로 사용함.
전수창업을 기본으로 하지만 분점들의 맛이 실력에 따라 다름.
11회에 소개됨.
7000원.
세븐일레븐 컵라면 2200원.",1
S02E04,걸신 차트,안동반점,삼선짬뽕,5위,서울,성북,보문동1가 107,02-923-4448,"서울 지역 팬들의 열화와 같은 지지를 받음. 
서울 지역 짬뽕의 역사와 더불어 가장 고전적인 형태의 짬뽕. 
묵직한 돼지고기 육수를 잘 살려 짬뽕의 표준을 확립했다고 봄. 
주방장 어르신이 연세가 있으셔 음식이 나오는데 시간이 걸릴 수 있음. 
5000원.",1
S02E04,걸신 차트,진흥반점,짬뽕,4위,대구,남,이천동 311-28,053-474-1738,"묵직하고 걸죽함.
고명에 숙주를 사용.
육계장스러운 깊은맛.
9시경 문을 열어 일찍 문을 닫음.
짬뽕국물 포장 안됨.
볶음밥도 추천.
6000원.
11회에 소개됨.

[배드가이]
휴업.",1
S02E04,맛집,가야성,짬뽕,,대구,달서,송현동 186-10,053-654-0545,진흥반점과 1 2위를 다툼.,1
S02E04,맛집,대동반점,짬뽕,,대구,남,대명1동 797-21,053-656-5037,"[배드가이]
확장 이전.",1
S02E04,맛집,신신반점,짬뽕,,대구,달서,두류동 135-2,053-625-7750,"24시간.

[배드가이]
대구 5대 짬뽕.
분점 맛의 편차가 큼.",1
S02E04,걸신 차트,복성루,짬뽕,3위,전북,군산,미원동 332,063-445-8412,"산을 쌓아놓은 듯한 위압감으로 푸짐한 재료를 사용함. 
1~2시간 대기는 기본으로 재료가 떨어져 일찍 문 닫는 경우가 허다함. 
근래 들어 질이 떨어진 감이 있음. 
일요일 휴무. 
7000원. 
1-2회에 소개됨.",1
S02E04,맛집,유향,짬뽕,,광주,광산,신가동 1154,062-954-9530,,1
S02E04,걸신 차트,용인죽전 교동짬뽕,짬뽕,2위,경기,용인,수지구 죽전동 1190-5,031-898-3323,"가장 신생 업체. 
본점을 뛰어넘는 맛으로 평가함. 
난립하는 교동 짬뽕에 비해 왜소한 점포임에도 맛을 잘 유지하고 있으며 매운맛의 정도를 선택할 수 있음. 
분점 중 국물이 잘 배인 면이 아주 뛰어남.
11회에 소개됨.",1
S02E04,걸신 차트,동해원,짬뽕,1위,충남,공주,소학동 194-1,041-852-3624,"짬뽕의 재발견과 요리로서 짬뽕을 각인시킴.
작은 점포에서 밀려드는 손님을 감당할 수 없어 한적한 교외로 이전함.
이전 후에도 맛을 계속 유지함.
정통적인 돼지고기 베이스의 감칠맛이 뛰어난 육수를 사용.
음식의 가장 핵심적인 맛을 꾸밈 없이 전함.
11회에 소개됨.",1
S02E04,걸신 차트,청운식당,짬뽕,,충남,공주,의당면 청룡리 665,041-853-8314,"
[모카한잔]
매운 짬뽕. 우유 필요.",1
S02E04,걸신 차트,명성각,짬뽕,,충남,금산,추부면 마전리 69-6,041-753-5549,,1
S02E05,오늘의 신상,진주햄,꽈뜨로(소세이지),,,,,,"4가지 치즈 (까망베르, 블루, 체다, 고다)를 넣어 만든 소세이지.
700g 9000원.",0
S02E05,오늘의 신상,백설,견과유,,,,,,"땅콩 804개, 호두 104개, 아몬드 62개 분량.
샐러드 드레싱용. 올르브유와는 다른 뛰어난 풍미와 질감과 맛과 향.
파스타에 넣어도 좋음.
좋은 기름이지만 유통기한이 짧아 고급 요리에만 사용.
900ml 13900원.",0
S02E05,오늘의 신상,피코크(이마트),볶음한우고추장,,,,,,"1999년 농어민 대상을 수상, 2008년 전통식품 품질 인증, 2010년 농림 수산 식품부 지정 대한민국 식품 명인 지정 37호로 지정 받은 권기옥 명인이 담금.
한우, 고추장 매주가루 등 천연 재료 사용.
나물, 찌게 등에 사용.
9700원.",0
S02E05,걸신 초대석,아름다운 커피(한수정),초콜릿(이퀄),,,,,,"2010년 부터 싱글 에스테이트 초콜릿 판매.
싱글 에스테이트 - 한 농장에서 생산된 카카오 콩만 이용해 만든 초콜릿. (싱글 오리진 - 커피, 싱글 빈야드 - 와인)
한 지역의 단일 농장에서 재료를 구입하기 때문에 최초 생산자에 대한 추적이 가능하여 농장 노동자에게 정당한 댓가를 지불하는 것이 가능해짐.
대규모 식품 업체는 환경적인 유동성에 대비하기 위해 종자, 비료, 항만/해운, 금융 등을 거늘이게 되어 최초 생산자가 누구인지 조차 파악이 어려워 대우가 낮아짐.
가나, 코투디브아르가 전세계 생산량의 70%를 차지하며 페루는 세계 13위지만 1년 생산량이 코투디브아르 1주일 생산량일 만큼 앞의 두 나라의 물량이 막대함.
이퀄은 페루 아마존 유역의 우아누꼬, 팅고마리아, 산마르띤 지역에서 생산된 초콜릿을 사용.
산마르띤의 한 농부가 샬롱 드 쇼콜라에 출품하여 2위를 차지하여 단신에 실림.
남미의 꼬까의 대체작물로 생산됨. (꼬까에 대한 자세한 내용은 탁피디의 여행수다 - 볼리비아편 참고.)
최근 중국이 초콜릿 농장을 사들이고 있어 초콜릿의 블렉홀이 될 가능성이 높음. (만화책 시마 과장, 시마 부장, 시마 사장 참고.)
초콜릿은 커피와 달리 지방성분(카카오버터)가 많이 함유되어 가공이 어렵기 때문에 1차 가공이 끝난 커버추어를 벌크 형태로 수입하여 재가공하여 판매함.
이퀄은 커버추어 75% 사용.
일제시대 처음 우리나라에 전파된 제과산업이 해방 후 미군정을 지나 64년 수교를 하면서 기술 제휴를 통해 미국식 초콜릿보다 모리나가에 가까운 초콜릿이 대중화되어 2~3배씩 성장하면서 74년 미국의 문파이를 일본에서 카피한 것을 다시 카피한 초코파이로 정점을 찍음.
초콜릿의 대명사인 발렌타인대이에만 전체 1년 매출의 60%를 차지.
판형 초콜렛은 19세기 이후이나 기원전 1000년 전 부터 안데스, 마야 분명 기록 부터 먹기 시작했으며 매우 신성시 되어 제사에 사용되며, 화폐로도 사용됨.
최음제로도 사용되어 중세 유럽에서는 스파클링 와인과 함께 사용된것으로 기록됨.
1502년 콜롬부스에 의해 처음 발견되었으며 1519년경 유럽에 전파된 것으로 보임.
카카오 과육 안의 씨를 사용하지만 과육 자체도 매우 달콤하고 맛있으며 술을 담그기도 함.
유럽 전파 최초에는 볶은 콩 자체를 갈아 걸죽한 상태인 페이스트 상태를 그대로 굳힌 것을 물에 녹여 먹는식으로 전파됨.
처음에는 왕실에서나 먹을 수 있던 것이 점점 대중화 되면서 수요가 증가하게되어 대규모 플렌테이션이 발생함.
예수회 수사를 통해 남미에 플렌테이션 농장을 만들며 운영을 위한 아프리카 노예를 이주시킴.
생산 과정에서 카카오 콩을 과육에서 분리하던가 하는 어린아이를 동원할 수 있는 영역이 존재하여 이것이 되물림됨.
현재의 초코음료는 물에 잘 녹지만 당시 유럽에서는 페이스트 상태의 초콜릿을 물에 녹이기 위해 뚜껑에 막대기가 달린 컵을 사용했는데 이것이 쇼콜라띠에라고 불렀으며 현재에는 초콜릿 장인을 여기에서 따와 쇼콜라띠에라고 부름.
네슬레는 약사로 우유를 조제분유를 만드는 기술을 개발하여 이를 초콜릿과 접목하여 유명해짐.
위 언급된 카카오 버터는 무색 무취로 아무 맛과 쓸모가 없지만 초콜릿과 섞였을때 초콜릿의 식감을 담당하며 독특한 풍미와 맛과 식감을 좌지우지함.
1828년 이전에는 이 카카오버터를 분리할 기술이 없어 우유나 향신료 등으로 맛을 조정 했지만 네덜란드의 반 후텐이 압착 분리 기술을 개발하여 초콜릿의 혁신을 이루었지만 돈은 그다지 벌지 못함.
당시에는 압착후 추출된 카카오 버터의 사용처가 없어 그대로 버려졌지만 현재에는 바디샵을 비롯한 수 많은 바디 용품에 카카오 버터가 사용됨.
이 압착 기술 개발 후 캐드버리, 프라이와 같은 초콜릿 업체가 번성함.
19세기에 들어서며 영국왕실에 초콜릿이 전파되며 산업화 됨.
의외로 퀘이커교도의 캐드베리, 프라이, 라운트리 등이 앞장섬. (노동자는 그나마 잘 대우 했다고 함.)
남미의 크리오요(유럽계 남미인) 역시 초콜릿의 종자 이름에서 따왔으며 본국의 간섭을 싫어하며 귀국 의지가 없는 남미의 지배 계급을 뜻한다. (자세한 내용은 탁피디의 여행수다 - 볼리비아편 참고.)
이런 플렌테이션으로 통해 권력을 갖게 된 지배계급인 크리오요에 의해 독립운동의 시작 되어 나폴레옹의 유럽 정벌로 힘을 받게 됨.
하지만 이런 어수선한 정세 속에 막대한 수요와 산업적 성장기임에 비해 생산량은 타격을 받음.
이미 1850년대 부터 노예무역을 반대하는 목소리가 커지며 이들 생산자들을 아프리카 쌍뚜메를 시작으로 시험 단지를 조성하여 가나와 코투디브아르로 산지를 옮기게 됐으나 16세기로 무한루프.
테이스팅 노트를 기반으로한 초콜릿의 기본맛은 쓴맛과 떫은 맛.(떫은맛은 와인과 같은 폴리페놀을 기반으로 함.)
과육을 가진 과실이므로 산미, 로스팅을 통한 탄맛, 케러멜 맛, 체리 맛 등 보조적인 맛을 가짐.
초콜릿은 화(火)의 기운을 가짐. (자세한 내용은 좌파명리학 참고.)
좋은 초콜릿은 높은 온도에 녹는것이 정상으로 시중에 유통되는 안녹는 초콜릿은 녹지 않기 위한 첨가제가 들어가며 냉장고에 보존된 초콜릿 역시 풍미는 떨어짐.
여름에는 우유 또는 두유에 타먹는 초코음료를 추천함.
로컬푸드 - 우리가 먹을 수 있는 식품-식재료는 결국 식재료 회사에 의해 좌우되는 환경.
이런 식재료 부터 지역의 발전을 위해서는 생산자에게 혜택이 돌아가는 공정 무역이 대안이 됨.
차회 예고 - 원당. 과점시장인 제일제당, 삼양, 대한제분에 대해.
www.beautifulcoffee.com와 전국 아름다운 가계에서 판매.
40g 3000원.",0
S02E05,이 집에 가라,삐아프,초콜릿,,서울,강남,신사동 647-9 103호,02-545-0317,"고은수 쉐프님이 일본 유학 중 접하여 시작.
김연아 펜클럽 수제 초콜렛 만듦.",1
S02E05,이 집에 가라,카카오봄,초콜릿,,서울,마포,서교동 337-16 민우빌딩 1층,02-3141-4663,"창의적 메뉴.
블로그에 초콜릿을 통한 세상을 보는 안목이 뛰어남.",1
S02E05,이 집에 가라,아름다운 커피,카페,,서울,종로,적선동 80,-,"공정무역 초콜릿을 다양하게 맛볼수 있음.
토속촌, 용금옥 방문후 입가심으로 방문.
5월 9일 공정무역의 날 덕수궁 돌담길 시음 시식회 있음.",1
S02E06,맛집,부산삼진어묵,어묵,,부산,영도,봉래동2가 39-1,051-412-5468,2대가 운영하며 맛이 더욱 좋아짐.,1
S02E06,맛집,장수옥,국밥(순대),,서울,강남,역삼동 839-7,02-553-8427,"국산 사용.
누린내가 전혀 나지 않는 시골 장터의 투박하고 진한 국물.
김치와 깍뚜기가 맛이 없음.",1
S02E06,맛집,마포대나무집,수육(개),,서울,마포,용강동 39-1 우석연립상가11호,02-703-7808,일반적으로 수육이 좋으면 탕이 별로고 탕이 좋으면 수육이 별로지만 이런 선입견을 깨는 집.,1
S02E06,맛집,성안정꽃게,꽃게,,인천,강화,내가면 외포리 627-1,032-932-7818,"강화도 랭킹 3
꽃게탕에 호박을 푹 익혀 깊은 달큰한 맛을 냄.
찜/탕/간장게장.",1
S02E06,맛집,충남서산집,꽃게,,인천,강화,양도면 인산리 409-1,032-937-3996,"강화도 랭킹 1위.
허름한 노포에서 기업규모로 확장하여 길 건너편에 분점 있음.
성안정에 비교하여 비싸고 양이 적지만 재료의 선도가 좋고 속이 꽉 찬 꽃게를 사용하여 증축 후에도 맛이 떨어지지 않음.
찜/탕/간장게장.",1
S02E06,맛집,홍리면관,짬뽕,,대구,수성,매호동 1091 써니죤 사우나 1층,053-793-5989,[아브락사스],1
S02E06,맛집,대가야성,짬뽕,,대구,수성,만촌2동 738-1,053-741-6353,"[배드가이]
대구 5대 짬뽕.
가야성의 원 사장님이 남부 정류장 인근 새로 개업.",1
S02E06,맛집,교동짬뽕,짬뽕,,서울,마포,동교동 188-27,02-322-7247,[옥수총각],1
S02E06,맛집,홍콩반점0410 본점,짬뽕,,서울,강남,논현동 163-17,02-540-0410,"[옥수총각]
체인 형태이나 본점은 맛이 좋음.",1
S02E06,맛집,,치킨,,,,,,"[채플]
롯데 미림. 크라운 콘칩 사용. 온도조절에 유의.",0
S02E06,맛집,만나칼국수,칼국수,,서울,관악,보라매동 701-1,02-888-8564,[통마늘],1
S02E06,맛집,장추추어탕,추어탕,,서울,관악,보라매동 735-5,02-871-5431,[통마늘],1
S02E06,맛집,통인시장,기름떡볶이,,서울,종로,통인동 10-3,,"[질겅질겅]
개인적으로 별로.
호불호가 갈림.",1
S02E06,걸신에게 물어봐,동화반점,탕수육,,부산,중,보수동2가 73-8,051-253-6661,"[키르키르]
사라진 동화반점과 부산 보수동 동화반점이 같은곳인가?

40여년 전 가족 내 문제로 폐업.
60년도 광복동 개업이 맞다면 같은 곳일 수 있음.",1
S02E06,걸신에게 물어봐,칼국수포차,칼국수,,서울,은평,갈현동 398-7 (베스킨 라빈스 앞),,"[질겅질겅]
대학내 푸드트럭에 대한 의견.

이 한 집으로 인해 포장마차 칼국수 거리가 됨.
밤 11시~오전 5시 영업.",1
S02E06,걸신에게 물어봐,,짬뽕,,,,,,"[연어가제일좋아]
짬뽕의 맛을 알기 위해 필요한 양.

감정의 기복이 심할 때 어울리는 음식.",0
S02E06,걸신에게 물어봐,동해원,짬뽕,,대전,유성,궁동 414-5,042-823-3495,"[모카한잔]
공주의 동해원은 방송 소개 후 맛이 떨어졌다는 의견.
조카가 운영하는 분점이 본점보다 맛있음.",1
S02E06,걸신에게 물어봐,진흥각,짬뽕,,충남,공주,중동 361,041-855-4458,"[모카한잔]
2대가 운영.
돼지고기 육수 사용.
공주지역 1위.",1
S02E06,걸신에게 물어봐,장순루,짬뽕,,충남,공주,계룡면 월암리 23-5,041-857-5010,"[모카한잔]
홍/백 짬뽕 모두 좋음.
공주지역 5위.",1
S02E06,걸신에게 물어봐,동신원,짬뽕,,충남,공주,이인면 이인리 158-4,041-857-4430,"[모카한잔]
탕수육 추천.",1
S02E06,Soul City,大阪 (오오사카),,,,,,,"일본의 부엌.
오오사카의 라면은 삿포로나 하카다와 달리 크게 발달했다고 보기 어려움.
도톤보리의 재일 한국인이 개업한 킨유라면은 날이 갈수록 맛이 떨어짐.
추철할만한 곳으로 니보시라면이 있으며 한국 진출 소식이 있음.
기본적으로 쇼유(간장, 닭고기 육수), 시오(소금), 미소(된장)가 있으며 하카다에서 돼지뼈를 사용하여 묵직한 육수를 낸 동코츠(돈골)라면이 등장하면서 전국적으로 인기를 끌며 새로운 요소들과 합쳐 다양한 조리법이 발달함.
스시맛의 핵심은 밥 자체가 잘 돼야 함.
미슐랭 가이드 별 2개의 하라쇼 등 이 있으나 가격이 너무 비싸고 분위기가 경직되어 추천하지 않음.
한달 전 예약 필수.
오오사카의 부엌으로 불리우며 도쿄의 쓰키지 시장에 버금가는 쿠로몽 시장.
관서지방은 니기리 스시와 달리 치라시 스시(찬합 초밥), 하꼬 스시(판 초밥)이 발달함.
많은 초밥집이 번성했으나 시장 규모가 축소되며 점점 쇠락해감.
도톤보리 인근 술꾼을 상대로 밤새 영업하는곳에 가면 저렴하고 맛 좋은 스시집이 많음.
오코노미야키의 경우 치보 인근은 비추.
뒷골목에 오래된 집을 찾아갈 것.",0
S02E06,Soul City,玉五郎(타마고로),일본라면(니보시),,"大阪県
(오오사카현)","大阪市
(오오사카시)","北区芝田1-1-3 阪急三番街
(키타구 시바타 1−1−3 한큐 3번가)",+81 6-6372-5003,"어폐류(특히 멸치) 육수를 응축시켜 진하게 우려내고 계란을 사용하여 노란 빛이 나는 굵직한 면을 사용.
고명으로 올라오는 계란 반숙도 예쁘고 맛 좋음.
본점을 포함하여 8곳 정도의 점포가 있지만 맛이 거의 균등함.
니보시 쯔케면 - 면이 따로 나오고 진한 육수에 찍어먹음. 650엔.",1
S02E06,Soul City,一蘭 梅田店(이치란 우메다점),일본라면(동꼬츠),,"大阪県
(오오사카현)","大阪市
(오오사카시)","北区堂山町3-13
(키타구 도야마초 3-13)",+81 6-6312-5177,"대기하는 줄이 매우 김.
본점과의 차이가 나지 않도록 품질관리를 철저히함.",1
S02E06,Soul City,かむくら 道頓堀店 (카무쿠라 도톤보리점),일본라면(쇼유),,"大阪県
(오오사카현)","大阪市
(오오사카시)","中央区道頓堀1-7-25
(츄오구 도톤보리 1-7-25)",+81 6-6211-3790,"오오사카 지역 사람들로부터 오랫동안 사랑받음.
지역 라면 차트에서 3년 연속 1위.
전통적인 쇼유라면이지만 배추를 매우 많이 사용함.
쇼유라면 답게 닭뼈로 육수를 내어 국물이 맑고 가벼우며 배추가 들어가 부드럽고 따뜻한 단맛이 남.
차슈가 먹음직 스러움.
칸사이 공항에 분점이 있음.",1
S02E06,Soul City,かむくら千日前店 (카무쿠라 센니치마에점),일본라면(쇼유),,"大阪県
(오오사카현)","大阪市
(오오사카시)","中央区道頓堀 1-7-3
(츄오구 도톤보리 1-7-3)",+81 6-6213-1238,인접하여 두 곳이 검색되어 함께 기록함.,1
S02E06,Soul City,시장스시,스시,,"大阪県
(오오사카현)","大阪市
(오오사카시)",-,-,"가격은 저렴하지만 맛은 별로.
검색 불가.",0
S02E06,Soul City,ゑんどう(엔도),스시,,"大阪県
(오오사카현)","大阪市
(오오사카시)","福島区野田1-1-86 大阪市中央卸売市場本場
(후쿠시마구 노다 1-1-86 오오사카시 중앙 도매 시장 본고장)",+81 6-6469-7108,"쿠로몽시장이 아닌 중앙시장 내.
살풍경한 물류위주의 시장 한켠에 있음.
시장 노동자 상대로 아침 5시 ~ 오후 2시까지 영업.
중국 여행객에 알려져 대기시간이 김.
4가지 메뉴에 한 메뉴에 5개의 접시가 나오 한 접시당 5가지 초밥이 나옴.
10개 18000원 가량.",1
S02E06,Soul City,すしぎん (스시긴),스시,,"大阪県
(오오사카현)","大阪市
(오오사카시)","生野区鶴橋2-3-8
(이쿠노구 쯔루하시 2-3-8)",+81 6-6712-7105,"오오사카 한인타운 시장 한 가운데 있어 매우 찾기 어려움.
대기 시간이 매우 김.
계절별 종류가 어마어마하게 많고 저렴한 가격에 비해 맛이 뛰어남.
메뉴가 한글로 적혀있어 주문에 어려움이 없음.
설렁설렁 만드는 느낌이에 비해 맛이 매우 뛰어나며 생선과 어폐류를 다루는 솜씨에 빈틈이 없음.
재료에 따라 가격 편차가 있음.
전갱이 타다키와 대게 내장 군함말이 추천",1
S02E06,Soul City,Tsutaya JR野田店 (쯔타야 JR노다역점),소바(카노소바),,"大阪県
(오오사카현)","大阪市
(오오사카시)","福島区吉野3-1-21
(후쿠시마구 요시노3-1-21)",+81 6-6467-1500,"오리고기를 사용한 소바
오리 뼈와 살을 우려낸 따뜻한 육수를 사용.
미슐랭가이드 별 1개.
하코스시 판매.
국립 오오사카 병원 인근.
소바 + 스시 15000원 가량.",1
S02E06,Soul City,Tsutaya 野田阪神店 (쯔타야 노다 한신점),소바(카노소바),,"大阪県
(오오사카현)","大阪市
(오오사카시)","福島区大開1-1-1
(후쿠시마구 다이카이 1-1-1)",+81 6-6461-6091,병원 인근 비슷한거리에 두 곳이 검색 되어 함께 기록함.,1
S02E06,Soul City,そば切り文目堂 (자른 소바 아야메도),소바,,"大阪県
(오오사카현)","大阪市
(오오사카시)","中央区安堂寺町2-2-26
(츄오구 안도지마치 2-2-26)",+81 6-7504-5260,"전통적인 관서 소바의 메밀 식감.
니하치 사용. 윤끼가 느껴지지않는 소박한 느낌
미슐랭가이드 별 1개.",1
S02E06,Soul City,たかま (타카마),소바,,"大阪県
(오오사카현)","大阪市
(오오사카시)","北区天神橋7-12-14 グレーシィ天神橋ビル１号館
(키타구 첸진바시 7-12-14 구레시 텐진바시 빌딩 1)",+81 6-6882-8844,"튀김 판매.
미슐랭가이드 별 1개.",1
S02E06,Soul City,무우 졸임,무우 졸임,,,,,,"껍질을 벗겨낸 후 5Cm 두께로 자른 후 멸치와 다시마, 가쯔오부시 육수에 쯔유를 약간 짜다 싶을 정도로 넣은 후 강불로 끓이다 약불로 졸인다.",0
S02E06,Soul City,一斗 (잇토),구이(야끼니꾸),,"大阪県
(오오사카현)","大阪市
(오오사카시)","西成区天下茶屋東1-23-18
(니시나리구 텐가차야히가시 1-23-18)",+81 6-6659-8618,"신사이바시 다이마쯔 백화점 인근.
현지 일본인의 대기줄이 김.
정육식당 분위기.
등심, 안심, 안창살, 양, 곱창 등 다양한 부위.
양은 입에 넣으면 사르르 녹는 느낌으로 우리나라의 양과는 다름.
고기를 등급별로 분리해 두었으나 중간 등급과 상위 등급의 차이가 크지 않음.
와인도 주문할 수 있으며 주세가 싼 관계로 우리나라의 반값에 마실 수 있음.
아마가타산 와규를 사용하며 가격이 매우 저렴함.
본점과 신관이 있으며 두곳 다 좋음.",1
S02E07,기타,Philips 필립스 누들메이커 면 제조기 HR2365/01,제면기,,,,,,"설명서에 적힌 레시피 대로만 하면 거의 대부분의 면을 만들 수 있음.
시중 웬만한 점포보다 면의 상태가 좋음.
http://item2.gmarket.co.kr/Item/detailview/Item.aspx?goodscode=675126233&GoodsSale=Y&jaehuid=200002657&service_id=elecdn",0
S02E07,걸신에게 물어봐,세복메밀막국수,막국수,,경기,성남,중원구 상대원3동 612,031-733-1252,"[사짜식당]
10여년간 지역에서 영업해 옴.
수육이 매우 뛰어남.
평균 이상의 면.",1
S02E07,걸신에게 물어봐,타블로24,부페,,서울,종로,종로6가 289-3 JW 메리어트 동대문 스퀘어 서울 내,02-2276-3000,"[인디안박]
맛있는 라디오 소개됨.
아침 42000 (조식은 스시를 제공하지 않음.)
점심 95000
저녁 100000
자비로 방문은 비추함.",1
S02E07,걸신에게 물어봐,たこ梅分店 (타코우메 분점),오뎅,,"大阪県
(오오사카현)","大阪市
(오오사카시)","北区角田町9−25
(키타구 카쿠다쵸 9-25)",+81 6-6311-3309,"[이트레인저]
S02E06에 이름 점포명 불명으로 소개된 곳.",1
S02E07,걸신에게 물어봐,花くじら (하나쿠지라),오뎅,,"大阪県
(오오사카현)","大阪市
(오오사카시)","福島区福島2丁目7−4
(후쿠시마구 후쿠시마 2초메 7-4)",+81 6-6452-5547,"[이트레인저]
하나쿠지라 아사이방송국 인근.
영업시간 영업일 확인.",1
S02E07,걸신 배틀,"비빔국수 (자반고등어, 사짜스님)",,,,,,,"2. 자 - 인터넷 게시글만으로는 여론을 대변할 수 없음.
4. 사 - 국수를 그다지 즐기지 않지만 우동과 짬뽕의 운명을 가른것과 같이 자극적인 비빔이 미래에 국수계를 석권할 것이다.
6. 사 - 술과 함께하기 위해서는 비빔국수가 우월함.
8. 자 - 인류가 발전하면서 보다 맛있게 발달한것이 비빔국수이다.
10. 사 - 통계청 자료 2012년 기준 면류 소비 금액 연간 2조 2천억.
라면 1조 8천억.
소면 3천억.
12. 자 - 국물라면과 비 국물라면의 비율이 1:1.
식당 입장에서는 비빔류의 라면은 손이 많이감.
14. 사 - 현재의 소면은 넓은 밀가루 반죽을 칼로 자르는식으로 만들지만 사전에는 밀가루 반죽을 늘려 만드는 것으로 설명함.
16. 사 - 나이름 억어감에 따라 유년기에는 잔치국수 젊은 나이에는 비빔국수 다시 나이를 먹고 나면 슴슴한 잔치국수로 입맛이 변해감.",0
S02E07,걸신 배틀,"잔치국수 (박근홍, 무야산다)",,,,,,,"1. 박 - 이미 게시판에서 잔치국수의 압승.
3. 무 - 유년시절 첫 요리의 기억.
갑자기 많은 손님이 들이 닥쳤을 때에나 임기응변으로 대접하거나 묵은 면만 처리하기 위한 조리법.
5. 박 - 잔치국수도 자극적으로 만들 수 있음.
무 - 여자들은 체중 문제 때문에 국물이 있는 음식을 버거워하듯 한끼 식사를 해결 할 수 있음.
7. 무 - 인류 최초의 국수 형태는 잔치국수 형태였을 것으로 국수의 본질을 나타낸다.
9. 박 - 잔치국수는 여럿이 함께 먹는 음식.
비빔국수는 있는 재료로 대충 먹는 음식.
11. 박 - 라면에서 보다시피 국물이 있는 면이 대세.
13. 박 - 잔치국수는 일품요리로서 의미가 있음.
15. 무 - 요리왕 비용에서 나왔듯 비빔요리는 암흑요리계료 분류됨.
탄수화물이 주성분인 밀가루 요리는 국물이 있어야 한다고 생각함.",0
S02E07,걸신 배틀,국수,,,,,,,"소면은 일본의 국수 문화.
19세기 초반 문헌에 왜면으로 기록됨.
소면의 소(素)는 희다는 뜻.
중면 태면의 개념에서 소면은 세면이라고 함.
메밀의 경우 회색빛을 띔.
희다는 의미에는 아무 양념이 가미되지 않았다는 의미도 있음.
메밀국수의 장국에 얼음에 올린 소면을 적셔먹는 형태가 있음.
소면의 원형은 아무런 양념이나 고명이 첨가 되지 않은 밀가루로 만든 가는 면.
소면문화는 식민지 시대에 일본식 면 제면소가 만들어 지면서 활성화됨.
밀 공급이 원활치 않아 잔치국수의 이름에서 알 수 있듯 경사가 있을때나 먹던 고급 음식으로 분류되며 80년대까지도 결혼식 대표음식으로 이어져 옴.
농경사회인 우리나라에서 논밭까지 음식을 나르는 것을 간소화 하기 위해 비빔밥이 발달한 문화에서 이어져 내려온 식습관에 의해 만들어진것으로 보이며 간편한 조리법으로 상업화가 손쉬웠음.
자극적인 음식이 발달하고 여성들의 다이어트 강박에 등으로 인해 대중화됨.
70~80년대경 잔치국수라는 이름으로 체인이 등장했으며 그 이전까지는 그냥 국수와 비빔국수로 불리움.
일본은 다시마, 가쯔오부시를 주로 사용하지만 우리나라는 설렁탕, 곰탕, 육개장, 추어탕 등 다양한음식에 사용되며 특해 내륙지방의 경우 민물고기를 사용한 어탕국수(장어국수가 여기 포함됨)가 있음.
고기국수는 소면으로 보기 어려움.",0
S02E07,,소면 삶는 노하우,,,,,,,"프라이팬에 삶게되면 면이 익는 색을 볼 수 있고 잘 넘치치 않음.
디포리를 조금 넣으면 국물이 훨씬 깊은맛이 남.",0
S02E07,맛집,망향국수,국수(비빔),,경기,연천,청산면 궁평리 231-2,031-835-3575,,1
S02E07,이 집에 가라,이연국수,국수,,전북,전주,덕진구 인후동2가 1529-19,063-242-0036,"25회 소개됨.
정치인 출입 금지.
완벽히 면을 삶고 마지막까지도 풀어지지 않는 면이 특징.
주인이 다양한 사업을 하다 창업.
최고의 국수를 만들기 위해 30곳이 넘는 제면소를 돌아다니며 충북 진천의 제면소 면을 선택하여 먹는 사람 입장에서 하나 하나 개선해 완성함.",1
S02E07,걸신 배틀,차회 예고 - 파먹 VS 섞먹,빙수,,,,,,,0
-,맛집,원조창평시장국밥,국밥(돼지내장/선지),,전남,담양,창평면 창평리 209-8,061-383-4424,,